,accident_type,day_of_week,dca_code,road_geometry,light_condition,speed_zone,severity,node_type,deg_urban_name,road_type,month,hour
188517,8,3,174,2,1,60.0,0,N,MELB_URBAN,ROAD,3,14.0
188518,4,3,173,5,5,80.0,0,N,RURAL_VICTORIA,HIGHWAY,3,4.0
188519,1,4,121,1,1,60.0,0,I,SMALL_CITIES,PARADE,3,11.0
188520,1,2,130,1,1,60.0,0,I,MELB_URBAN,ROAD,2,11.0
188521,4,2,181,5,1,100.0,0,N,RURAL_VICTORIA,ROAD,3,17.0
188522,1,3,121,4,1,80.0,0,N,MELB_URBAN,RAMP,3,12.0
188523,4,6,181,5,1,60.0,0,N,RURAL_VICTORIA,ROAD,3,18.0
188524,1,4,116,2,1,60.0,0,I,LARGE_PROVINCIAL_CITIES,STREET,3,14.0
188525,1,5,99,5,1,60.0,0,N,MELB_URBAN,STREET,3,12.0
188526,3,7,167,5,6,100.0,0,N,RURAL_VICTORIA,ROAD,3,1.0
188527,1,4,160,5,1,60.0,0,N,LARGE_PROVINCIAL_CITIES,STREET,3,14.0
188528,1,4,130,5,5,100.0,0,N,MELB_URBAN,FREEWAY,3,6.0
188529,1,3,130,5,1,50.0,0,N,MELB_URBAN,STREET,3,17.0
188530,1,4,132,2,1,60.0,0,I,MELB_URBAN,ROAD,3,15.0
188531,4,4,99,2,1,50.0,0,I,RURAL_VICTORIA,ROAD,2,17.0
188532,1,4,99,2,1,40.0,0,I,MELB_URBAN,ROAD,3,15.0
188533,3,0,167,5,5,100.0,0,N,RURAL_VICTORIA,ROAD,3,0.0
188534,1,6,99,2,2,60.0,0,I,MELB_URBAN,HIGHWAY,3,19.0
188535,1,3,130,1,1,60.0,0,I,MELB_URBAN,ROAD,3,17.0
188536,1,5,116,2,1,60.0,0,I,MELB_URBAN,ROAD,2,11.0
188537,1,4,121,2,1,60.0,0,I,MELB_URBAN,STREET,3,16.0
188538,1,3,113,2,2,100.0,0,I,RURAL_VICTORIA,ROAD,3,6.0
188539,5,3,99,2,1,50.0,0,N,MELB_URBAN,STREET,3,14.0
188540,1,1,121,2,1,80.0,0,I,RURAL_VICTORIA,ROAD,3,17.0
188541,1,5,130,5,1,80.0,0,N,MELB_URBAN,HIGHWAY,12,8.0
188542,6,3,184,5,2,50.0,0,N,MELB_URBAN,AVENUE,3,18.0
188543,5,4,99,5,1,60.0,0,N,RURAL_VICTORIA,ROAD,3,18.0
188544,2,3,100,1,2,40.0,0,I,MELB_URBAN,STREET,3,19.0
188545,1,4,113,2,1,60.0,0,I,MELB_URBAN,ROAD,3,18.0
188546,2,3,102,1,3,40.0,0,I,MELBOURNE_CBD,STREET,3,19.0
188547,1,3,113,2,1,50.0,0,I,MELB_URBAN,STREET,3,15.0
188548,1,4,113,2,1,60.0,0,I,LARGE_PROVINCIAL_CITIES,ROAD,3,17.0
188549,1,3,110,1,1,60.0,0,I,MELB_URBAN,ROAD,3,18.0
188550,1,3,99,5,1,50.0,0,N,MELB_URBAN,OTHER,3,16.0
188551,1,4,113,2,3,60.0,0,I,MELB_URBAN,PARADE,3,19.0
188552,1,4,147,5,1,60.0,0,I,SMALL_CITIES,STREET,3,19.0
188553,1,4,130,2,1,80.0,0,N,MELB_URBAN,ROAD,3,16.0
188554,1,4,99,5,3,60.0,0,N,MELB_URBAN,ROAD,3,21.0
188555,4,3,173,5,5,40.0,0,N,RURAL_VICTORIA,ROAD,3,20.0
188556,3,4,167,5,5,100.0,0,N,RURAL_VICTORIA,ROAD,3,20.0
188557,4,4,173,5,3,60.0,0,N,SMALL_CITIES,UNKNOWN,3,2.0
188558,1,1,130,5,1,100.0,0,N,MELB_URBAN,FREEWAY,3,11.0
188559,1,4,160,5,3,60.0,0,N,RURAL_VICTORIA,DRIVE,3,4.0
188560,1,2,113,2,1,60.0,0,N,MELB_URBAN,ROAD,3,16.0
188561,1,4,113,1,1,60.0,0,I,MELB_URBAN,ROAD,2,8.0
188562,1,3,113,2,1,60.0,0,I,LARGE_PROVINCIAL_CITIES,ROAD,3,17.0
188563,1,5,99,1,6,50.0,0,N,LARGE_PROVINCIAL_CITIES,STREET,3,21.0
188564,2,2,102,2,6,60.0,0,I,MELB_URBAN,ROAD,3,5.0
188565,1,5,130,2,1,60.0,0,I,MELB_URBAN,ROAD,3,7.0
188566,1,4,130,1,1,80.0,0,I,MELB_URBAN,ROAD,3,17.0
188567,1,5,147,5,1,50.0,0,N,MELB_URBAN,AVENUE,2,10.0
188568,4,4,181,5,1,60.0,0,N,MELB_URBAN,ROAD,3,11.0
188569,1,5,130,2,1,80.0,0,I,MELB_URBAN,ROAD,3,8.0
188570,1,1,99,2,1,60.0,0,I,RURAL_VICTORIA,ROAD,1,12.0
188571,1,4,121,2,1,60.0,0,I,MELB_URBAN,STREET,3,8.0
188572,4,2,183,5,1,60.0,0,N,MELB_URBAN,ROAD,3,11.0
188573,4,4,171,5,1,50.0,0,N,RURAL_VICTORIA,ROAD,3,12.0
188574,1,3,121,1,2,60.0,0,I,MELB_URBAN,OTHER,3,20.0
188575,4,1,181,5,1,100.0,0,N,MELB_URBAN,FREEWAY,3,11.0
188576,1,5,113,2,1,60.0,0,I,MELB_URBAN,STREET,2,19.0
188577,4,4,171,2,1,60.0,0,I,MELB_URBAN,ROAD,3,12.0
188578,1,5,113,2,1,40.0,0,I,MELB_URBAN,STREET,3,15.0
188579,1,5,121,1,1,60.0,0,I,MELB_URBAN,ROAD,2,16.0
188580,2,5,102,5,1,60.0,0,N,MELB_URBAN,ROAD,3,15.0
188581,4,0,183,5,1,80.0,0,N,RURAL_VICTORIA,ROAD,3,11.0
188582,1,5,110,1,1,80.0,0,I,RURAL_VICTORIA,ROAD,3,15.0
188583,1,4,130,5,1,60.0,0,N,MELB_URBAN,ROAD,3,16.0
188584,1,4,110,1,1,40.0,0,I,MELB_URBAN,STREET,3,10.0
188585,6,5,99,5,1,100.0,0,N,RURAL_VICTORIA,ROAD,3,14.0
188586,1,4,121,2,2,40.0,0,I,MELB_URBAN,STREET,1,18.0
188587,1,0,130,5,1,60.0,0,N,MELB_URBAN,ROAD,3,12.0
188588,1,5,130,1,1,80.0,0,I,MELB_URBAN,ROAD,3,14.0
188589,1,4,121,2,1,70.0,0,I,MELB_URBAN,ROAD,3,17.0
188590,1,5,132,2,1,60.0,0,I,MELB_URBAN,ROAD,3,15.0
188591,1,4,116,2,1,60.0,0,I,RURAL_VICTORIA,ROAD,3,16.0
188592,1,4,133,2,9,60.0,0,N,MELB_URBAN,ROAD,3,8.0
188593,1,5,99,2,1,60.0,0,I,TOWNS,ROAD,3,17.0
188594,1,4,130,5,1,40.0,0,N,MELB_URBAN,STREET,11,15.0
188595,1,1,130,5,1,60.0,0,N,MELB_URBAN,ROAD,3,15.0
188596,1,5,147,5,1,60.0,0,N,MELB_URBAN,ROAD,3,16.0
188597,1,5,121,1,1,60.0,0,I,MELB_URBAN,ROAD,3,16.0
188598,1,4,121,2,1,50.0,0,N,MELB_URBAN,BOULEVARD,3,18.0
188599,1,5,113,2,1,60.0,0,I,MELB_URBAN,ROAD,3,14.0
188600,8,4,174,5,1,60.0,0,N,SMALL_CITIES,OTHER,3,17.0
188601,1,5,111,2,1,40.0,0,I,SMALL_CITIES,ROAD,2,18.0
188602,6,5,174,5,3,40.0,0,N,MELB_URBAN,ROAD,3,19.0
188603,1,5,133,5,3,60.0,0,N,MELB_URBAN,DRIVE,3,19.0
188604,5,5,99,5,1,110.0,0,N,SMALL_CITIES,FREEWAY,3,16.0
188605,4,5,171,5,2,100.0,0,N,MELB_URBAN,RAMP,3,16.0
188606,1,5,130,2,3,80.0,0,I,MELB_URBAN,ROAD,3,21.0
188607,8,5,174,2,1,40.0,0,N,MELB_URBAN,ROAD,3,17.0
188608,4,5,173,5,3,70.0,0,N,MELB_URBAN,ROAD,3,22.0
188609,2,5,100,2,1,40.0,0,I,MELB_URBAN,ROAD,3,16.0
188610,9,4,99,5,3,50.0,0,N,MELB_URBAN,AVENUE,3,21.0
188611,4,5,171,5,5,100.0,0,N,RURAL_VICTORIA,ROAD,3,22.0
188612,1,2,160,5,3,50.0,0,N,RURAL_VICTORIA,ROAD,3,2.0
188613,1,2,130,2,1,60.0,0,I,RURAL_VICTORIA,BOULEVARD,1,14.0
188614,4,6,171,5,1,80.0,0,I,MELB_URBAN,OTHER,3,7.0
188615,1,2,130,1,1,60.0,0,I,RURAL_VICTORIA,ROAD,3,15.0
188616,4,5,99,5,5,80.0,0,N,MELB_URBAN,RAMP,3,1.0
188617,1,2,130,2,6,60.0,0,I,MELB_URBAN,ROAD,12,19.0
188618,8,3,174,1,1,60.0,0,I,MELB_URBAN,BOULEVARD,4,9.0
188619,2,5,99,5,1,50.0,0,I,MELB_URBAN,STREET,3,11.0
188620,1,5,140,2,1,40.0,0,I,SMALL_CITIES,ROAD,3,9.0
188621,1,6,116,2,1,40.0,0,I,SMALL_TOWNS,ROAD,3,9.0
188622,1,6,147,5,1,40.0,0,N,MELB_URBAN,STREET,2,8.0
188623,3,7,167,5,1,60.0,0,N,RURAL_VICTORIA,ROAD,3,11.0
188624,1,5,160,5,1,60.0,0,N,RURAL_VICTORIA,ROAD,3,11.0
188625,4,3,99,1,1,60.0,0,N,MELB_URBAN,OTHER,10,17.0
188626,1,6,130,5,2,100.0,0,N,MELB_URBAN,ROAD,3,7.0
188627,1,2,110,1,1,60.0,0,I,MELB_URBAN,STREET,12,14.0
188628,4,1,99,5,1,100.0,0,N,RURAL_VICTORIA,ROAD,3,11.0
188629,1,0,99,1,1,70.0,0,N,RURAL_VICTORIA,ROAD,3,14.0
188630,1,4,163,5,1,50.0,0,N,MELB_URBAN,STREET,3,11.0
188631,4,5,183,5,1,100.0,0,N,RURAL_VICTORIA,ROAD,3,11.0
188632,1,5,130,5,9,60.0,0,N,MELB_URBAN,FREEWAY,3,6.0
188633,1,5,99,2,1,80.0,0,N,MELB_URBAN,ROAD,3,14.0
188634,1,2,110,1,2,40.0,0,I,MELB_URBAN,ROAD,3,8.0
188635,1,5,120,5,1,100.0,0,N,RURAL_VICTORIA,HIGHWAY,3,11.0
188636,1,6,130,5,1,100.0,0,N,LARGE_PROVINCIAL_CITIES,ROAD,3,14.0
188637,1,4,113,2,1,60.0,0,I,MELB_URBAN,STREET,3,10.0
188638,1,2,132,2,1,60.0,0,I,MELB_URBAN,PARADE,3,10.0
188639,1,6,113,2,1,60.0,0,I,LARGE_PROVINCIAL_CITIES,STREET,3,16.0
188640,1,5,160,5,1,50.0,0,N,SMALL_CITIES,STREET,3,17.0
188641,2,6,100,5,1,40.0,0,N,MELB_URBAN,STREET,3,19.0
188642,1,6,121,1,1,60.0,0,I,MELB_URBAN,STREET,3,15.0
188643,1,5,160,5,3,60.0,0,N,MELB_URBAN,ROAD,3,20.0
188644,1,6,120,5,3,50.0,0,N,MELB_URBAN,AVENUE,3,19.0
188645,2,6,100,5,1,100.0,0,N,RURAL_VICTORIA,HIGHWAY,3,16.0
188646,1,6,121,1,9,60.0,0,I,MELB_URBAN,STREET,3,11.0
188647,4,5,173,1,3,50.0,0,I,MELB_URBAN,OTHER,3,3.0
188648,1,6,130,5,3,60.0,0,N,MELB_URBAN,STREET,3,23.0
188649,1,5,110,1,3,40.0,0,I,MELB_URBAN,ROAD,3,22.0
188650,1,6,120,5,3,70.0,1,N,MELB_URBAN,ROAD,3,23.0
188651,4,6,171,5,3,50.0,0,N,LARGE_PROVINCIAL_CITIES,STREET,3,4.0
188652,1,5,99,5,3,60.0,0,N,MELB_URBAN,ROAD,3,22.0
188653,1,5,130,2,3,60.0,0,I,MELB_URBAN,STREET,3,23.0
188654,1,0,120,5,1,60.0,0,N,RURAL_VICTORIA,ROAD,1,16.0
188655,4,7,171,2,1,50.0,0,N,MELB_URBAN,UNKNOWN,3,8.0
188656,1,7,99,5,1,60.0,0,N,MELB_URBAN,ROAD,3,8.0
188657,1,7,121,1,1,60.0,0,I,MELB_URBAN,PARADE,3,9.0
188658,1,7,99,2,1,50.0,0,N,MELB_URBAN,STREET,3,9.0
188659,1,3,160,5,1,60.0,0,N,SMALL_CITIES,STREET,1,16.0
188660,1,6,130,5,1,70.0,0,I,SMALL_CITIES,OTHER,3,14.0
188661,8,6,174,2,1,50.0,0,I,SMALL_CITIES,BOULEVARD,3,8.0
188662,1,2,121,1,1,60.0,0,I,RURAL_VICTORIA,ROAD,2,16.0
188663,1,4,121,5,1,50.0,0,N,MELB_URBAN,STREET,2,16.0
188664,6,0,174,5,1,60.0,0,N,RURAL_VICTORIA,ROAD,10,10.0
188665,1,7,130,1,1,60.0,0,N,MELB_URBAN,ROAD,3,11.0
188666,2,6,100,5,1,50.0,0,N,MELB_URBAN,ROAD,3,13.0
188667,1,6,110,1,1,70.0,0,I,MELB_URBAN,ROAD,3,13.0
188668,1,5,135,5,6,80.0,0,N,MELB_URBAN,HIGHWAY,3,21.0
188669,1,7,135,5,1,40.0,0,N,MELB_URBAN,STREET,3,14.0
188670,6,7,174,2,1,50.0,0,N,MELB_URBAN,STREET,2,15.0
188671,1,6,110,1,1,50.0,0,I,TOWNS,STREET,3,18.0
188672,2,6,99,5,1,60.0,0,N,MELB_URBAN,ROAD,3,11.0
188673,1,7,99,2,1,60.0,0,I,MELB_URBAN,PARADE,3,14.0
188674,4,7,181,5,1,100.0,0,N,RURAL_VICTORIA,ROAD,3,9.0
188675,1,7,113,2,1,60.0,0,I,MELB_URBAN,ROAD,3,15.0
188676,4,7,99,2,1,100.0,0,I,RURAL_VICTORIA,ROAD,3,14.0
188677,1,2,130,1,9,80.0,0,N,MELB_URBAN,ROAD,3,12.0
188678,1,7,130,2,1,60.0,0,I,MELB_URBAN,ROAD,3,15.0
188679,1,6,130,5,1,70.0,0,N,SMALL_CITIES,HIGHWAY,3,12.0
188680,6,7,99,5,1,100.0,0,N,RURAL_VICTORIA,HIGHWAY,3,16.0
188681,1,6,99,2,3,40.0,0,N,MELBOURNE_CBD,STREET,3,18.0
188682,8,4,174,5,3,40.0,0,N,MELB_URBAN,ROAD,3,20.0
188683,6,7,99,5,1,40.0,0,N,RURAL_VICTORIA,ROAD,3,14.0
188684,1,7,147,5,2,60.0,0,N,SMALL_CITIES,STREET,3,19.0
188685,1,2,135,5,1,60.0,0,N,MELB_URBAN,HIGHWAY,3,9.0
188686,1,6,171,5,1,50.0,0,N,MELB_URBAN,OTHER,3,15.0
188687,1,7,160,5,3,50.0,0,N,MELB_URBAN,DRIVE,3,20.0
188688,3,7,167,5,5,100.0,0,N,RURAL_VICTORIA,ROAD,3,22.0
188689,2,7,99,5,1,50.0,0,N,MELB_URBAN,OTHER,3,18.0
188690,1,6,130,5,3,40.0,0,N,MELB_URBAN,ROAD,3,21.0
188691,4,7,173,5,3,80.0,0,N,MELB_URBAN,FREEWAY,3,2.0
188692,4,1,171,5,5,100.0,0,N,RURAL_VICTORIA,ROAD,3,1.0
188693,4,0,173,5,3,60.0,0,N,MELB_URBAN,ROAD,3,4.0
188694,1,1,99,2,3,70.0,0,N,MELB_URBAN,ROAD,3,0.0
188695,1,5,120,5,1,50.0,0,N,TOWNS,STREET,2,15.0
188696,1,6,120,5,1,60.0,0,N,MELB_URBAN,ROAD,3,14.0
188697,4,3,171,5,1,100.0,0,N,RURAL_VICTORIA,ROAD,2,7.0
188698,1,1,130,5,1,60.0,0,N,MELB_URBAN,ROAD,3,12.0
188699,1,1,116,1,1,70.0,0,I,RURAL_VICTORIA,HIGHWAY,3,11.0
188700,4,0,99,5,1,100.0,0,N,RURAL_VICTORIA,ROAD,3,10.0
188701,1,0,121,2,1,60.0,0,I,MELB_URBAN,ROAD,3,10.0
188702,1,0,130,5,1,80.0,0,N,MELB_URBAN,HIGHWAY,3,10.0
188703,3,7,167,5,5,100.0,0,N,RURAL_VICTORIA,ROAD,3,23.0
188704,4,1,181,5,1,100.0,0,N,RURAL_VICTORIA,HIGHWAY,3,11.0
188705,1,1,160,1,1,50.0,0,N,MELB_URBAN,STREET,3,13.0
188706,1,1,99,4,1,80.0,0,I,MELB_URBAN,ROAD,3,11.0
188707,4,0,171,5,1,80.0,0,N,RURAL_VICTORIA,ROAD,3,14.0
188708,4,0,171,5,1,60.0,0,N,MELB_URBAN,OTHER,3,9.0
188709,3,1,167,5,1,80.0,0,N,RURAL_VICTORIA,ROAD,3,15.0
188710,6,0,184,2,1,60.0,0,I,RURAL_VICTORIA,ROAD,3,15.0
188711,1,0,147,5,1,50.0,0,N,TOWNS,STREET,3,16.0
188712,6,0,99,5,1,80.0,0,N,RURAL_VICTORIA,ROAD,3,14.0
188713,1,0,147,5,1,80.0,0,N,RURAL_VICTORIA,ROAD,3,16.0
188714,2,0,100,2,1,60.0,0,N,MELB_URBAN,DRIVE,3,15.0
188715,1,0,140,5,1,60.0,0,N,MELB_URBAN,OTHER,3,15.0
188716,1,0,130,2,1,70.0,0,N,MELB_URBAN,ROAD,3,17.0
188717,1,1,130,5,1,100.0,0,N,RURAL_VICTORIA,ROAD,3,17.0
188718,1,6,120,5,1,80.0,0,N,RURAL_VICTORIA,ROAD,3,18.0
188719,1,5,135,2,1,60.0,0,I,MELB_URBAN,STREET,3,17.0
188720,4,0,183,5,1,80.0,0,N,RURAL_VICTORIA,ROAD,3,9.0
188721,6,1,174,5,5,50.0,0,N,RURAL_VICTORIA,ROAD,3,20.0
188722,1,1,99,5,3,100.0,0,N,MELB_URBAN,FREEWAY,3,21.0
188723,1,5,121,2,2,70.0,0,I,MELB_URBAN,ROAD,3,19.0
188724,6,3,184,5,1,100.0,0,N,RURAL_VICTORIA,HIGHWAY,3,16.0
188725,6,1,174,1,3,60.0,0,N,MELB_URBAN,STREET,3,22.0
188726,1,3,130,5,1,80.0,0,N,MELB_URBAN,ROAD,12,9.0
188727,6,1,184,5,1,60.0,0,N,RURAL_VICTORIA,OTHER,3,10.0
188728,1,1,121,1,1,60.0,0,O,MELB_URBAN,UNKNOWN,3,7.0
188729,4,2,181,5,5,50.0,0,N,RURAL_VICTORIA,ROAD,3,5.0
188730,4,2,173,5,1,100.0,0,N,MELB_URBAN,FREEWAY,3,9.0
188731,1,1,163,5,1,40.0,0,N,MELB_URBAN,STREET,3,7.0
188732,1,2,135,5,1,60.0,0,N,MELB_URBAN,STREET,3,15.0
188733,1,1,130,1,1,60.0,0,I,MELB_URBAN,ROAD,3,9.0
188734,8,6,184,5,1,60.0,0,N,RURAL_VICTORIA,ROAD,3,14.0
188735,4,2,181,5,5,80.0,1,N,RURAL_VICTORIA,OTHER,3,6.0
188736,1,3,160,5,1,80.0,0,N,MELB_URBAN,ROAD,3,9.0
188737,1,6,110,1,1,60.0,0,I,SMALL_CITIES,STREET,3,14.0
188738,4,4,173,2,1,100.0,0,I,RURAL_VICTORIA,ROAD,3,9.0
188739,4,2,171,5,1,80.0,0,N,MELB_URBAN,ROAD,3,12.0
188740,8,6,99,1,1,50.0,0,I,MELB_URBAN,STREET,2,12.0
188741,1,1,147,3,1,60.0,0,O,MELB_URBAN,UNKNOWN,3,12.0
188742,1,1,111,2,1,80.0,0,I,RURAL_VICTORIA,ROAD,3,7.0
188743,4,6,181,5,1,80.0,0,N,RURAL_VICTORIA,ROAD,3,13.0
188744,6,6,184,5,1,80.0,0,N,RURAL_VICTORIA,HIGHWAY,2,14.0
188745,8,2,174,5,1,40.0,0,N,MELB_URBAN,STREET,3,13.0
188746,2,4,99,5,3,60.0,0,N,MELB_URBAN,DRIVE,3,23.0
188747,6,2,184,5,1,60.0,0,N,RURAL_VICTORIA,ROAD,3,12.0
188748,1,4,130,1,1,60.0,0,I,MELB_URBAN,ROAD,3,8.0
188749,8,4,174,2,9,60.0,0,I,MELB_URBAN,STREET,3,16.0
188750,8,1,174,5,1,60.0,0,N,RURAL_VICTORIA,ROAD,3,12.0
188751,1,1,130,5,1,100.0,0,N,MELB_URBAN,RAMP,3,16.0
188752,1,1,110,1,1,60.0,0,I,LARGE_PROVINCIAL_CITIES,STREET,3,16.0
188753,6,6,184,5,1,80.0,0,I,RURAL_VICTORIA,ROAD,3,13.0
188754,8,2,174,2,1,40.0,0,O,MELB_URBAN,UNKNOWN,3,17.0
188755,1,2,99,5,1,50.0,0,N,MELB_URBAN,STREET,3,15.0
188756,1,1,130,5,1,100.0,0,N,MELB_URBAN,FREEWAY,3,16.0
188757,1,5,130,1,1,60.0,0,N,MELB_URBAN,ROAD,3,16.0
188758,1,2,147,5,1,50.0,0,N,MELB_URBAN,STREET,3,17.0
188759,1,1,121,2,1,40.0,0,I,MELB_URBAN,STREET,3,16.0
188760,2,2,99,5,1,60.0,0,N,TOWNS,ROAD,3,15.0
188761,1,6,130,5,9,70.0,0,N,MELB_URBAN,ROAD,2,16.0
188762,2,2,99,5,9,60.0,0,N,MELB_URBAN,STREET,3,19.0
188763,1,5,99,2,1,70.0,0,I,MELB_URBAN,ROAD,2,11.0
188764,4,2,183,5,1,100.0,0,N,MELB_URBAN,FREEWAY,3,15.0
188765,1,2,110,1,3,80.0,0,I,MELB_URBAN,ROAD,3,22.0
188766,4,2,171,5,3,60.0,0,N,RURAL_VICTORIA,HIGHWAY,3,19.0
188767,1,3,121,1,3,60.0,0,N,MELB_URBAN,ROAD,3,0.0
188768,1,4,130,5,1,60.0,0,N,MELB_URBAN,ROAD,3,11.0
188769,1,3,140,5,9,80.0,0,N,RURAL_VICTORIA,HIGHWAY,3,4.0
188770,8,2,170,1,3,60.0,0,I,RURAL_VICTORIA,DRIVE,3,3.0
188771,1,0,130,5,1,60.0,0,N,MELB_URBAN,DRIVE,3,15.0
188772,1,6,99,2,3,60.0,0,I,MELB_URBAN,ROAD,3,23.0
188773,4,2,181,5,1,60.0,0,N,RURAL_VICTORIA,ROAD,3,8.0
188774,1,2,121,2,2,40.0,0,I,MELB_URBAN,DRIVE,3,18.0
188775,8,7,184,5,1,100.0,0,N,RURAL_VICTORIA,ROAD,3,13.0
188776,2,3,102,1,2,80.0,0,I,MELB_URBAN,ROAD,3,6.0
188777,1,1,120,5,1,50.0,0,N,MELB_URBAN,STREET,2,8.0
188778,1,7,99,2,3,30.0,0,I,MELB_URBAN,STREET,3,22.0
188779,1,2,130,5,1,100.0,0,N,MELB_URBAN,ROAD,3,6.0
188780,2,3,102,2,1,50.0,0,N,MELB_URBAN,UNKNOWN,3,8.0
188781,1,4,135,5,1,100.0,0,N,MELB_URBAN,FREEWAY,2,11.0
188782,1,2,134,5,2,60.0,0,N,RURAL_VICTORIA,ROAD,3,6.0
188783,4,2,171,5,1,100.0,0,N,RURAL_VICTORIA,ROAD,3,8.0
188784,1,3,121,2,1,60.0,0,I,MELB_URBAN,ROAD,3,7.0
188785,1,3,110,1,1,50.0,0,I,MELB_URBAN,STREET,3,9.0
188786,4,5,171,5,9,60.0,0,N,LARGE_PROVINCIAL_CITIES,OTHER,3,15.0
188787,2,1,100,2,9,60.0,0,I,MELB_URBAN,AVENUE,3,18.0
188788,1,3,110,1,1,50.0,0,I,SMALL_TOWNS,STREET,3,8.0
188789,1,4,99,1,1,40.0,0,I,LARGE_PROVINCIAL_CITIES,STREET,2,12.0
188790,1,4,113,2,1,80.0,0,I,RURAL_VICTORIA,ROAD,2,6.0
188791,1,2,110,1,1,60.0,0,O,MELB_URBAN,UNKNOWN,3,12.0
188792,1,1,134,5,3,100.0,0,N,MELB_URBAN,FREEWAY,3,6.0
188793,1,3,120,5,1,50.0,0,N,LARGE_PROVINCIAL_CITIES,UNKNOWN,3,13.0
188794,1,3,99,2,1,60.0,0,I,MELB_URBAN,ROAD,3,8.0
188795,5,0,99,5,1,100.0,0,N,RURAL_VICTORIA,ROAD,3,14.0
188796,1,2,121,1,1,50.0,0,I,MELB_URBAN,AVENUE,3,13.0
188797,1,4,110,1,1,60.0,0,I,MELB_URBAN,ROAD,2,19.0
188798,1,2,121,5,1,40.0,0,N,MELB_URBAN,OTHER,3,18.0
188799,1,2,130,2,1,60.0,0,N,MELB_URBAN,STREET,3,9.0
188800,1,3,121,2,1,80.0,0,I,RURAL_VICTORIA,ROAD,3,13.0
188801,1,5,160,5,3,50.0,0,N,MELB_URBAN,ROAD,3,21.0
188802,1,3,140,5,1,60.0,0,N,TOWNS,STREET,3,12.0
188803,1,2,140,5,1,60.0,0,N,MELB_URBAN,ROAD,3,14.0
188804,4,3,171,5,1,80.0,1,N,MELB_URBAN,ROAD,3,13.0
188805,8,2,170,5,1,60.0,0,N,MELB_URBAN,STREET,3,15.0
188806,1,1,147,5,1,50.0,0,N,MELB_URBAN,OTHER,3,16.0
188807,1,3,130,2,1,70.0,0,N,LARGE_PROVINCIAL_CITIES,ROAD,3,13.0
188808,1,2,130,2,1,50.0,0,I,LARGE_PROVINCIAL_CITIES,HIGHWAY,3,16.0
188809,1,3,130,5,1,70.0,0,N,MELB_URBAN,ROAD,3,14.0
188810,1,2,110,1,9,40.0,0,N,MELB_URBAN,ROAD,3,19.0
188811,2,3,100,2,1,50.0,0,I,MELB_URBAN,ROAD,3,17.0
188812,1,3,110,1,2,60.0,0,I,MELB_URBAN,ROAD,3,18.0
188813,1,3,130,4,1,60.0,0,N,MELB_URBAN,ROAD,3,15.0
188814,1,3,130,1,1,60.0,0,N,MELB_URBAN,ROAD,3,12.0
188815,1,3,130,5,2,100.0,0,N,RURAL_VICTORIA,ROAD,3,17.0
188816,2,2,100,1,9,40.0,0,I,MELB_URBAN,ROAD,3,15.0
188817,1,3,110,1,3,60.0,0,I,LARGE_PROVINCIAL_CITIES,ROAD,3,20.0
188818,4,3,171,5,1,50.0,0,I,MELB_URBAN,OTHER,3,18.0
188819,4,2,183,5,1,60.0,0,N,RURAL_VICTORIA,ROAD,3,17.0
188820,8,3,174,5,3,60.0,0,N,MELB_URBAN,ROAD,3,20.0
188821,1,3,113,2,3,70.0,0,I,MELB_URBAN,DRIVE,3,22.0
188822,4,3,173,5,3,70.0,0,N,MELB_URBAN,ROAD,3,0.0
188823,4,4,181,5,5,80.0,0,N,LARGE_PROVINCIAL_CITIES,ROAD,3,0.0
188824,1,2,110,1,1,60.0,0,I,MELB_URBAN,STREET,3,11.0
188825,1,3,147,5,3,50.0,0,N,RURAL_VICTORIA,AVENUE,3,5.0
188826,8,5,99,5,1,100.0,0,N,RURAL_VICTORIA,ROAD,2,18.0
188827,1,2,99,5,1,50.0,0,N,SMALL_CITIES,STREET,3,11.0
188828,1,4,130,5,1,80.0,0,N,MELB_URBAN,UNKNOWN,3,7.0
188829,1,3,121,2,1,80.0,0,I,MELB_URBAN,ROAD,3,7.0
188830,1,4,113,1,1,80.0,0,I,SMALL_CITIES,HIGHWAY,3,10.0
188831,8,7,174,1,1,60.0,0,I,MELB_URBAN,STREET,3,9.0
188832,8,6,99,5,9,60.0,0,N,MELB_URBAN,ROAD,3,16.0
188833,1,4,147,5,2,60.0,0,I,MELB_URBAN,ROAD,1,6.0
188834,1,1,130,5,1,40.0,0,I,MELB_URBAN,ROAD,3,8.0
188835,4,3,99,1,1,60.0,0,I,SMALL_CITIES,STREET,3,12.0
188836,1,4,130,5,1,50.0,0,N,MELB_URBAN,ROAD,3,12.0
188837,8,3,99,5,3,40.0,0,N,SMALL_CITIES,STREET,3,20.0
188838,1,3,135,5,1,100.0,0,N,MELB_URBAN,ROAD,3,15.0
188839,1,1,130,5,1,100.0,0,N,MELB_URBAN,FREEWAY,2,14.0
188840,8,3,184,5,1,60.0,0,N,RURAL_VICTORIA,ROAD,3,15.0
188841,1,4,110,1,1,80.0,0,I,RURAL_VICTORIA,ROAD,3,15.0
188842,1,3,121,1,1,70.0,0,I,MELB_URBAN,ROAD,3,8.0
188843,1,4,99,2,1,50.0,0,I,SMALL_TOWNS,ROAD,3,16.0