,accident_type,day_of_week,dca_code,road_geometry,light_condition,speed_zone,severity,node_type,deg_urban_name,road_type,month,hour
188844,8,4,174,5,2,50.0,0,N,MELB_URBAN,STREET,10,19.0
188845,1,4,113,2,1,60.0,0,I,MELB_URBAN,STREET,3,16.0
188846,1,1,130,5,1,100.0,0,N,MELB_URBAN,FREEWAY,3,18.0
188847,1,6,130,5,1,80.0,0,N,MELB_URBAN,ROAD,3,9.0
188848,1,6,132,5,1,80.0,0,N,RURAL_VICTORIA,HIGHWAY,3,9.0
188849,4,4,171,5,1,100.0,0,N,RURAL_VICTORIA,ROAD,3,17.0
188850,1,4,99,5,1,40.0,0,N,MELB_URBAN,ROAD,3,17.0
188851,1,3,147,5,1,60.0,0,N,MELB_URBAN,ROAD,3,16.0
188852,1,3,134,5,3,80.0,0,N,MELB_URBAN,HIGHWAY,3,20.0
188853,1,4,121,1,1,80.0,0,I,MELB_URBAN,ROAD,3,18.0
188854,8,0,99,2,1,80.0,0,N,RURAL_VICTORIA,ROAD,3,16.0
188855,1,3,160,5,3,80.0,0,N,MELB_URBAN,ROAD,3,20.0
188856,2,4,102,1,3,40.0,0,N,MELB_URBAN,STREET,3,19.0
188857,4,3,171,5,1,50.0,0,N,MELB_URBAN,OTHER,3,18.0
188858,1,3,130,5,3,40.0,0,N,MELB_URBAN,STREET,3,23.0
188859,1,5,120,2,3,60.0,0,I,MELB_URBAN,STREET,3,4.0
188860,1,3,135,5,1,100.0,0,N,RURAL_VICTORIA,FREEWAY,2,9.0
188861,1,4,120,5,2,100.0,0,N,RURAL_VICTORIA,OTHER,3,6.0
188862,1,5,160,5,3,60.0,0,N,MELB_URBAN,ROAD,3,6.0
188863,1,4,130,5,2,100.0,0,N,MELB_URBAN,FREEWAY,3,7.0
188864,1,3,160,5,9,60.0,0,N,LARGE_PROVINCIAL_CITIES,STREET,3,14.0
188865,2,5,100,1,1,50.0,0,N,RURAL_VICTORIA,BOULEVARD,3,8.0
188866,1,4,110,4,1,50.0,0,I,MELB_URBAN,PARADE,3,17.0
188867,1,4,110,1,1,50.0,0,I,SMALL_CITIES,STREET,1,14.0
188868,4,5,171,5,1,60.0,0,N,MELB_URBAN,ROAD,3,10.0
188869,8,4,99,5,1,100.0,0,N,RURAL_VICTORIA,ROAD,3,9.0
188870,1,5,140,2,1,60.0,0,I,MELB_URBAN,ROAD,3,8.0
188871,8,6,99,2,2,50.0,0,N,MELB_URBAN,ROAD,3,6.0
188872,1,5,130,5,1,80.0,0,N,MELB_URBAN,ROAD,3,8.0
188873,2,5,100,5,1,60.0,1,N,SMALL_TOWNS,STREET,3,7.0
188874,4,1,181,5,5,50.0,0,O,SMALL_CITIES,UNKNOWN,2,21.0
188875,1,2,121,5,1,60.0,0,N,MELB_URBAN,ROAD,3,7.0
188876,1,5,140,2,1,40.0,0,I,MELB_URBAN,ROAD,3,10.0
188877,1,6,110,1,1,60.0,0,I,SMALL_CITIES,ROAD,3,17.0
188878,1,6,130,1,1,40.0,0,I,SMALL_CITIES,STREET,7,13.0
188879,1,5,130,4,1,60.0,0,I,MELB_URBAN,ROAD,3,8.0
188880,1,4,99,2,1,40.0,0,I,MELB_URBAN,STREET,3,8.0
188881,1,4,140,5,1,60.0,0,N,MELB_URBAN,ROAD,3,11.0
188882,1,4,113,4,1,60.0,0,I,RURAL_VICTORIA,ROAD,3,12.0
188883,1,5,113,2,1,40.0,0,I,MELB_URBAN,STREET,3,12.0
188884,6,4,99,5,1,100.0,0,N,RURAL_VICTORIA,ROAD,3,11.0
188885,1,4,130,1,1,60.0,0,I,MELB_URBAN,ROAD,3,8.0
188886,2,4,102,5,1,60.0,0,N,LARGE_PROVINCIAL_CITIES,STREET,3,16.0
188887,1,5,121,2,1,60.0,0,I,MELB_URBAN,STREET,3,14.0
188888,1,5,121,1,1,70.0,1,I,MELB_URBAN,ROAD,3,11.0
188889,8,6,99,5,1,60.0,0,N,RURAL_VICTORIA,ROAD,3,12.0
188890,1,4,110,1,1,60.0,0,I,TOWNS,ROAD,3,15.0
188891,2,5,102,2,1,60.0,0,N,MELB_URBAN,UNKNOWN,3,16.0
188892,1,4,130,5,1,50.0,0,N,SMALL_CITIES,PARADE,3,16.0
188893,1,4,120,5,1,100.0,0,N,RURAL_VICTORIA,ROAD,3,15.0
188894,1,5,132,2,1,40.0,0,I,MELB_URBAN,STREET,3,15.0
188895,1,4,121,1,2,50.0,0,I,MELB_URBAN,STREET,3,18.0
188896,4,5,99,2,3,70.0,0,N,MELB_URBAN,ROAD,3,21.0
188897,1,4,130,4,3,60.0,0,N,RURAL_VICTORIA,ROAD,3,22.0
188898,8,1,174,5,1,50.0,0,N,LARGE_PROVINCIAL_CITIES,DRIVE,2,9.0
188899,4,6,181,5,5,110.0,0,N,RURAL_VICTORIA,FREEWAY,3,1.0
188900,1,5,130,5,2,70.0,0,N,MELB_URBAN,ROAD,3,6.0
188901,1,3,130,5,1,60.0,0,N,RURAL_VICTORIA,ROAD,3,17.0
188902,4,1,171,5,1,110.0,0,N,RURAL_VICTORIA,FREEWAY,3,15.0
188903,1,3,135,5,1,60.0,0,N,MELB_URBAN,ROAD,3,7.0
188904,1,5,147,5,1,60.0,0,N,MELB_URBAN,ROAD,3,7.0
188905,4,5,173,5,1,80.0,0,N,RURAL_VICTORIA,ROAD,3,8.0
188906,6,6,99,5,1,50.0,0,N,TOWNS,STREET,3,10.0
188907,1,1,99,2,1,60.0,0,I,RURAL_VICTORIA,ROAD,3,8.0
188908,1,5,130,1,1,60.0,0,I,MELB_URBAN,HIGHWAY,3,8.0
188909,1,5,135,5,1,100.0,0,N,RURAL_VICTORIA,FREEWAY,3,16.0
188910,2,5,100,1,1,60.0,0,I,MELB_URBAN,ROAD,3,7.0
188911,1,5,99,5,1,60.0,0,N,MELB_URBAN,ROAD,3,10.0
188912,1,5,147,5,1,60.0,0,N,MELB_URBAN,ROAD,3,15.0
188913,2,6,100,1,1,60.0,0,I,MELB_URBAN,ROAD,3,7.0
188914,1,2,135,5,1,100.0,0,N,RURAL_VICTORIA,FREEWAY,3,16.0
188915,2,6,99,5,1,60.0,0,N,MELB_URBAN,ROAD,3,11.0
188916,1,2,130,2,1,80.0,0,I,LARGE_PROVINCIAL_CITIES,STREET,3,13.0
188917,1,6,111,1,1,60.0,0,N,SMALL_CITIES,STREET,3,11.0
188918,1,6,163,5,1,40.0,0,N,MELB_URBAN,ROAD,3,11.0
188919,1,6,110,1,1,50.0,0,I,MELB_URBAN,STREET,3,12.0
188920,6,7,99,5,1,60.0,0,N,RURAL_VICTORIA,ROAD,9,14.0
188921,4,6,173,5,1,100.0,0,N,RURAL_VICTORIA,ROAD,3,7.0
188922,2,5,100,1,1,60.0,0,I,MELB_URBAN,ROAD,3,19.0
188923,4,6,171,5,1,110.0,0,N,RURAL_VICTORIA,FREEWAY,3,10.0
188924,2,5,100,1,1,60.0,0,I,MELB_URBAN,ROAD,3,9.0
188925,4,5,181,5,1,70.0,0,N,MELB_URBAN,ROAD,3,13.0
188926,1,1,130,5,3,80.0,0,N,MELB_URBAN,FREEWAY,3,5.0
188927,2,4,100,1,9,60.0,0,I,MELB_URBAN,STREET,3,18.0
188928,1,4,130,5,1,40.0,0,N,MELB_URBAN,STREET,2,16.0
188929,1,5,134,1,1,40.0,0,N,MELB_URBAN,STREET,3,16.0
188930,1,6,110,1,1,50.0,0,I,MELB_URBAN,STREET,3,13.0
188931,1,3,130,2,1,60.0,0,I,MELB_URBAN,STREET,3,18.0
188932,1,6,113,2,1,60.0,0,I,LARGE_PROVINCIAL_CITIES,STREET,3,17.0
188933,1,6,99,1,1,40.0,0,I,MELBOURNE_CBD,STREET,3,10.0
188934,1,4,130,5,1,70.0,0,N,MELB_URBAN,STREET,3,15.0
188935,1,5,121,1,1,60.0,0,I,MELB_URBAN,ROAD,3,16.0
188936,1,6,130,5,1,70.0,0,N,MELB_URBAN,ROAD,3,16.0
188937,1,6,121,1,3,60.0,0,O,MELB_URBAN,UNKNOWN,3,20.0
188938,1,5,135,5,1,60.0,0,N,MELB_URBAN,OTHER,3,17.0
188939,1,6,147,5,5,50.0,0,N,MELB_URBAN,ROAD,3,19.0
188940,1,5,99,5,3,60.0,0,N,MELB_URBAN,STREET,3,20.0
188941,1,6,160,5,1,60.0,0,N,SMALL_CITIES,DRIVE,3,18.0
188942,1,5,135,2,1,80.0,0,N,MELB_URBAN,ROAD,3,17.0
188943,1,6,110,1,1,100.0,0,I,RURAL_VICTORIA,ROAD,3,17.0
188944,3,5,167,5,5,60.0,0,N,RURAL_VICTORIA,ROAD,3,19.0
188945,4,5,173,5,2,100.0,0,N,RURAL_VICTORIA,ROAD,3,19.0
188946,4,6,183,5,5,100.0,0,N,RURAL_VICTORIA,HIGHWAY,3,19.0
188947,1,6,147,5,1,50.0,0,N,MELB_URBAN,ROAD,3,14.0
188948,1,3,99,2,1,50.0,0,I,MELB_URBAN,ROAD,3,17.0
188949,2,5,102,5,3,70.0,0,N,MELB_URBAN,OTHER,3,21.0
188950,4,6,183,5,5,80.0,1,N,RURAL_VICTORIA,ROAD,3,20.0
188951,8,5,170,5,3,60.0,0,N,RURAL_VICTORIA,ROAD,3,23.0
188952,4,6,181,5,5,60.0,1,N,RURAL_VICTORIA,STREET,3,20.0
188953,1,7,134,5,3,100.0,0,N,MELB_URBAN,FREEWAY,3,0.0
188954,4,6,171,5,3,100.0,0,N,MELB_URBAN,FREEWAY,3,23.0
188955,3,1,167,5,3,80.0,0,N,MELB_URBAN,ROAD,10,2.0
188956,8,2,99,2,3,60.0,0,I,MELB_URBAN,STREET,3,2.0
188957,1,2,130,5,1,60.0,0,N,MELB_URBAN,ROAD,3,10.0
188958,1,7,130,2,3,40.0,0,I,MELBOURNE_CBD,STREET,3,6.0
188959,1,5,121,2,1,60.0,0,N,SMALL_CITIES,STREET,3,16.0
188960,1,4,130,1,1,30.0,0,N,MELB_URBAN,ROAD,3,6.0
188961,8,7,174,5,1,60.0,0,N,MELB_URBAN,ROAD,3,8.0
188962,1,6,160,5,1,50.0,0,N,RURAL_VICTORIA,DRIVE,3,8.0
188963,1,4,110,1,2,60.0,0,I,MELB_URBAN,ROAD,3,6.0
188964,1,7,120,5,1,80.0,0,N,RURAL_VICTORIA,ROAD,3,8.0
188965,1,6,147,2,1,60.0,0,I,MELB_URBAN,ROAD,3,9.0
188966,1,6,133,5,6,60.0,0,N,MELB_URBAN,ROAD,3,23.0
188967,1,7,181,5,1,100.0,0,N,RURAL_VICTORIA,RAMP,3,10.0
188968,1,6,110,1,1,50.0,0,I,MELB_URBAN,DRIVE,3,11.0
188969,2,7,99,2,1,60.0,0,N,MELB_URBAN,ROAD,3,11.0
188970,4,6,173,5,5,50.0,0,N,MELB_URBAN,ROAD,3,23.0
188971,2,5,99,5,9,40.0,0,N,SMALL_CITIES,STREET,3,20.0
188972,1,5,163,5,9,60.0,0,N,MELB_URBAN,STREET,3,14.0
188973,1,5,130,5,1,50.0,0,N,MELB_URBAN,STREET,3,14.0
188974,2,7,102,2,1,50.0,0,I,MELB_URBAN,STREET,3,9.0
188975,1,6,160,5,1,50.0,0,N,MELB_URBAN,STREET,3,11.0
188976,4,6,181,5,1,60.0,0,N,RURAL_VICTORIA,ROAD,3,11.0
188977,4,0,171,2,1,60.0,0,I,LARGE_PROVINCIAL_CITIES,STREET,3,10.0
188978,1,7,110,1,1,50.0,0,I,SMALL_CITIES,OTHER,3,12.0
188979,1,7,160,5,1,60.0,0,N,LARGE_PROVINCIAL_CITIES,STREET,3,13.0
188980,1,7,110,1,1,100.0,0,I,RURAL_VICTORIA,ROAD,3,14.0
188981,1,7,111,1,1,80.0,0,I,MELB_URBAN,STREET,3,15.0
188982,8,7,174,2,1,60.0,0,N,RURAL_VICTORIA,OTHER,3,12.0
188983,1,5,99,5,1,50.0,0,N,MELB_URBAN,OTHER,3,18.0
188984,1,7,99,5,1,60.0,0,N,RURAL_VICTORIA,ROAD,3,14.0
188985,1,7,130,5,1,70.0,0,N,MELB_URBAN,ROAD,3,15.0
188986,1,7,121,1,3,60.0,0,I,MELB_URBAN,ROAD,3,20.0
188987,1,6,110,1,1,60.0,0,I,MELB_URBAN,STREET,3,18.0
188988,2,7,102,5,3,40.0,0,N,MELB_URBAN,STREET,3,20.0
188989,1,7,130,5,1,60.0,0,N,MELB_URBAN,ROAD,3,10.0
188990,4,7,181,2,1,60.0,0,N,MELB_URBAN,ROAD,3,12.0
188991,8,6,174,5,9,60.0,0,N,RURAL_VICTORIA,HIGHWAY,3,11.0
188992,1,7,113,2,1,70.0,0,I,SMALL_TOWNS,ROAD,3,13.0
188993,1,7,133,5,3,80.0,0,N,MELB_URBAN,ROAD,3,18.0
188994,1,1,110,1,1,60.0,0,I,RURAL_VICTORIA,ROAD,3,8.0
188995,4,1,183,5,3,80.0,1,N,MELB_URBAN,ROAD,3,2.0
188996,1,1,121,2,1,60.0,0,I,SMALL_CITIES,STREET,3,10.0
188997,1,0,160,5,1,50.0,0,N,MELB_URBAN,AVENUE,3,10.0
188998,1,1,121,4,1,80.0,0,I,MELB_URBAN,HIGHWAY,3,8.0
188999,6,2,174,5,1,50.0,0,N,SMALL_CITIES,ROAD,2,17.0
189000,6,0,184,5,1,60.0,0,N,RURAL_VICTORIA,ROAD,3,11.0
189001,1,6,130,2,1,60.0,0,I,MELB_URBAN,ROAD,3,17.0
189002,2,1,100,2,1,60.0,0,I,MELB_URBAN,ROAD,3,14.0
189003,1,3,163,5,1,40.0,0,N,MELBOURNE_CBD,STREET,3,8.0
189004,1,0,121,5,1,60.0,0,I,MELB_URBAN,ROAD,3,16.0
189005,6,0,184,1,1,80.0,0,I,MELB_URBAN,ROAD,3,17.0
189006,1,0,132,2,1,60.0,0,I,MELB_URBAN,ROAD,3,15.0
189007,1,3,110,1,1,50.0,0,I,TOWNS,STREET,3,15.0
189008,1,6,130,1,1,60.0,0,I,MELB_URBAN,ROAD,2,17.0
189009,4,0,99,4,1,80.0,0,N,MELB_URBAN,FREEWAY,3,17.0
189010,4,0,171,5,1,100.0,0,N,RURAL_VICTORIA,HIGHWAY,3,15.0
189011,2,0,99,5,1,60.0,0,N,MELB_URBAN,DRIVE,3,17.0
189012,1,1,110,1,1,60.0,0,I,LARGE_PROVINCIAL_CITIES,ROAD,3,16.0
189013,1,0,121,1,3,60.0,0,I,MELB_URBAN,ROAD,3,19.0
189014,1,1,110,1,1,60.0,0,O,MELB_URBAN,UNKNOWN,3,18.0
189015,1,1,110,1,1,50.0,0,I,SMALL_CITIES,STREET,3,19.0
189016,4,2,171,5,3,60.0,0,N,SMALL_CITIES,ROAD,3,0.0
189017,1,7,99,5,1,80.0,0,N,MELB_URBAN,HIGHWAY,12,16.0
189018,1,2,116,2,1,80.0,0,N,LARGE_PROVINCIAL_CITIES,HIGHWAY,5,8.0
189019,1,2,130,5,1,60.0,0,N,MELB_URBAN,ROAD,3,17.0
189020,3,4,167,5,3,60.0,0,N,LARGE_PROVINCIAL_CITIES,ROAD,2,20.0
189021,4,6,181,5,1,60.0,0,N,MELB_URBAN,UNKNOWN,3,12.0
189022,9,4,99,5,1,60.0,0,N,MELB_URBAN,HIGHWAY,2,8.0
189023,1,2,130,5,1,40.0,0,N,MELB_URBAN,ROAD,3,7.0
189024,2,1,100,1,9,40.0,0,I,LARGE_PROVINCIAL_CITIES,STREET,3,8.0
189025,1,2,130,5,1,110.0,0,N,RURAL_VICTORIA,FREEWAY,3,10.0
189026,1,2,110,1,1,60.0,0,I,TOWNS,ROAD,3,9.0
189027,1,2,133,5,3,80.0,0,N,MELB_URBAN,ROAD,3,0.0
189028,1,2,110,1,1,60.0,0,I,SMALL_CITIES,STREET,3,11.0
189029,1,2,116,2,2,60.0,0,I,RURAL_VICTORIA,ROAD,3,6.0
189030,1,5,130,5,1,80.0,0,N,MELB_URBAN,HIGHWAY,3,9.0
189031,1,5,130,5,9,60.0,0,N,MELB_URBAN,RAMP,3,14.0
189032,1,3,130,1,1,60.0,0,I,MELB_URBAN,ROAD,3,18.0
189033,1,2,99,5,5,100.0,0,N,RURAL_VICTORIA,HIGHWAY,3,21.0
189034,1,2,120,5,1,100.0,0,N,RURAL_VICTORIA,ROAD,3,9.0
189035,1,4,130,1,1,70.0,0,N,MELB_URBAN,ROAD,1,14.0
189036,1,2,130,5,1,60.0,0,N,LARGE_PROVINCIAL_CITIES,STREET,3,8.0
189037,2,2,102,5,1,50.0,0,N,MELB_URBAN,OTHER,3,14.0
189038,1,2,121,1,1,80.0,0,I,MELB_URBAN,ROAD,3,14.0
189039,1,6,130,1,6,80.0,0,I,MELB_URBAN,STREET,3,5.0
189040,1,1,121,1,1,60.0,0,I,MELB_URBAN,ROAD,3,15.0
189041,4,1,181,5,9,60.0,0,N,RURAL_VICTORIA,OTHER,3,13.0
189042,6,2,99,5,1,50.0,0,N,MELB_URBAN,AVENUE,3,17.0
189043,2,1,102,1,1,70.0,0,I,MELB_URBAN,ROAD,3,15.0
189044,1,4,130,5,1,60.0,0,N,MELB_URBAN,HIGHWAY,3,8.0
189045,1,2,113,1,1,80.0,0,I,RURAL_VICTORIA,ROAD,3,17.0
189046,1,2,132,1,1,60.0,0,I,MELB_URBAN,ROAD,3,15.0
189047,1,4,134,2,1,80.0,0,N,MELB_URBAN,HIGHWAY,2,14.0
189048,1,2,121,1,2,60.0,0,I,MELB_URBAN,ROAD,3,19.0
189049,2,2,100,5,1,50.0,0,N,MELB_URBAN,ROAD,3,15.0
189050,1,1,130,5,3,60.0,0,N,MELB_URBAN,FREEWAY,3,22.0
189051,1,1,130,5,3,40.0,0,N,MELB_URBAN,FREEWAY,3,22.0
189052,1,6,130,5,1,60.0,0,N,LARGE_PROVINCIAL_CITIES,STREET,3,17.0
189053,1,2,160,5,3,60.0,0,N,MELB_URBAN,PARADE,3,22.0
189054,4,3,171,5,5,100.0,0,N,RURAL_VICTORIA,ROAD,4,1.0
189055,1,2,113,2,1,50.0,0,I,MELB_URBAN,STREET,3,9.0
189056,1,2,110,1,5,60.0,0,I,TOWNS,HIGHWAY,4,5.0
189057,4,3,183,5,5,60.0,0,N,RURAL_VICTORIA,ROAD,4,6.0
189058,2,0,99,5,1,40.0,0,N,RURAL_VICTORIA,DRIVE,3,14.0
189059,1,2,113,2,1,50.0,0,I,MELB_URBAN,STREET,3,8.0
189060,6,6,184,2,1,50.0,0,O,MELB_URBAN,UNKNOWN,3,17.0
189061,1,2,99,5,1,110.0,0,N,RURAL_VICTORIA,FREEWAY,4,9.0
189062,1,6,130,5,1,40.0,0,N,MELB_URBAN,ROAD,3,15.0
189063,1,6,134,5,9,60.0,0,N,MELB_URBAN,FREEWAY,3,19.0
189064,1,2,130,5,1,80.0,0,N,RURAL_VICTORIA,ROAD,4,7.0
189065,1,2,160,5,1,50.0,0,N,MELB_URBAN,DRIVE,4,9.0
189066,1,3,130,5,1,80.0,0,N,MELB_URBAN,ROAD,4,9.0
189067,1,6,130,2,1,80.0,0,I,RURAL_VICTORIA,ROAD,3,12.0
189068,1,1,135,5,1,100.0,0,N,MELB_URBAN,ROAD,3,14.0
189069,6,1,174,1,1,50.0,0,I,MELB_URBAN,STREET,3,20.0
189070,5,0,99,5,1,60.0,0,N,RURAL_VICTORIA,OTHER,3,12.0
189071,1,2,130,5,1,70.0,0,N,LARGE_PROVINCIAL_CITIES,ROAD,3,8.0
189072,4,3,173,2,1,100.0,0,I,RURAL_VICTORIA,HIGHWAY,4,10.0
189073,1,4,132,2,9,60.0,0,I,MELB_URBAN,ROAD,3,17.0
189074,1,2,130,1,2,60.0,0,I,MELB_URBAN,STREET,3,18.0
189075,1,6,113,2,6,60.0,0,N,MELB_URBAN,ROAD,3,21.0
189076,1,3,113,2,1,80.0,0,I,MELB_URBAN,ROAD,4,12.0
189077,1,2,120,5,1,50.0,0,N,MELB_URBAN,STREET,4,11.0
189078,1,2,135,5,3,110.0,0,N,RURAL_VICTORIA,FREEWAY,3,21.0
189079,4,7,171,5,5,100.0,0,N,RURAL_VICTORIA,ROAD,3,6.0
189080,2,2,100,2,1,40.0,0,I,MELB_URBAN,ROAD,4,13.0
189081,2,3,99,5,1,50.0,0,N,MELB_URBAN,OTHER,4,10.0
189082,8,3,184,5,1,80.0,0,N,RURAL_VICTORIA,ROAD,4,12.0
189083,1,3,130,1,1,80.0,0,I,MELB_URBAN,HIGHWAY,3,13.0
189084,1,1,121,1,1,60.0,0,N,MELB_URBAN,ROAD,3,12.0
189085,8,0,99,5,1,100.0,0,N,RURAL_VICTORIA,ROAD,3,12.0
189086,1,3,130,5,9,60.0,0,N,MELB_URBAN,UNKNOWN,2,16.0
189087,8,3,99,5,1,60.0,0,N,RURAL_VICTORIA,ROAD,4,13.0
189088,2,3,100,1,1,60.0,0,N,MELB_URBAN,STREET,4,10.0
189089,4,6,99,5,1,60.0,0,N,RURAL_VICTORIA,ROAD,1,16.0
189090,1,3,160,5,1,50.0,0,N,RURAL_VICTORIA,ROAD,4,13.0
189091,1,3,132,2,1,60.0,0,N,LARGE_PROVINCIAL_CITIES,STREET,4,16.0
189092,1,2,130,1,1,60.0,0,N,MELB_URBAN,ROAD,4,14.0
189093,1,2,160,2,1,50.0,0,N,MELB_URBAN,OTHER,4,16.0
189094,1,2,130,2,1,50.0,0,I,MELB_URBAN,AVENUE,3,16.0
189095,1,5,130,1,1,40.0,0,I,MELB_URBAN,UNKNOWN,3,13.0
189096,2,3,99,5,2,60.0,0,N,MELB_URBAN,STREET,4,18.0
189097,1,2,133,5,1,100.0,0,N,MELB_URBAN,UNKNOWN,4,16.0
189098,1,3,99,1,1,80.0,0,I,SMALL_CITIES,STREET,4,18.0
189099,1,2,99,5,3,40.0,0,N,LARGE_PROVINCIAL_CITIES,STREET,4,19.0
189100,1,3,121,1,2,60.0,0,I,MELB_URBAN,STREET,4,19.0
189101,6,3,99,5,1,60.0,0,N,RURAL_VICTORIA,STREET,4,17.0
189102,4,3,171,2,3,60.0,0,I,MELB_URBAN,ROAD,4,22.0
189103,1,3,130,5,1,90.0,0,N,MELB_URBAN,ROAD,3,6.0
189104,1,6,110,1,1,60.0,0,N,MELB_URBAN,STREET,3,17.0
189105,1,6,130,2,1,80.0,0,I,MELB_URBAN,ROAD,3,16.0
189106,1,7,130,5,1,60.0,0,N,MELB_URBAN,OTHER,2,14.0
189107,1,2,99,2,1,80.0,0,I,MELB_URBAN,RAMP,3,9.0
189108,2,1,99,5,6,50.0,0,N,MELB_URBAN,OTHER,2,20.0
189109,1,4,133,5,4,80.0,0,N,MELB_URBAN,HIGHWAY,4,3.0
189110,2,3,100,1,3,60.0,0,I,MELB_URBAN,ROAD,4,2.0
189111,3,3,167,5,5,100.0,0,N,RURAL_VICTORIA,ROAD,4,3.0
189112,4,4,181,5,3,80.0,0,N,MELB_URBAN,RAMP,4,4.0
189113,1,4,110,1,3,60.0,0,I,TOWNS,STREET,4,6.0
189114,1,4,130,5,1,80.0,0,N,MELB_URBAN,FREEWAY,4,7.0
189115,3,4,167,1,1,60.0,1,N,SMALL_TOWNS,ROAD,4,6.0
189116,1,4,121,2,1,50.0,0,I,LARGE_PROVINCIAL_CITIES,ROAD,4,8.0
189117,1,5,110,1,1,60.0,0,I,LARGE_PROVINCIAL_CITIES,STREET,3,13.0
189118,2,2,99,5,1,40.0,0,N,RURAL_VICTORIA,BOULEVARD,4,15.0
189119,1,4,130,5,1,80.0,0,N,MELB_URBAN,ROAD,2,9.0
189120,1,3,111,1,1,80.0,0,I,MELB_URBAN,DRIVE,4,8.0
189121,8,1,174,5,1,60.0,0,N,RURAL_VICTORIA,OTHER,3,17.0
189122,6,4,99,5,1,60.0,0,N,RURAL_VICTORIA,ROAD,3,17.0
189123,1,2,130,5,6,60.0,0,N,MELB_URBAN,ROAD,4,0.0
189124,1,4,130,5,1,50.0,0,N,SMALL_CITIES,AVENUE,4,9.0
189125,1,4,130,5,1,60.0,0,N,MELB_URBAN,ROAD,1,16.0
189126,1,5,111,2,1,60.0,0,I,MELB_URBAN,ROAD,3,16.0
189127,1,0,130,2,1,60.0,0,N,MELB_URBAN,ROAD,3,14.0
189128,1,1,116,2,1,60.0,0,I,MELB_URBAN,ROAD,3,9.0
189129,1,4,113,2,1,40.0,0,I,MELB_URBAN,STREET,4,11.0
189130,4,3,99,5,1,60.0,0,N,MELB_URBAN,STREET,4,10.0
189131,2,3,99,5,5,80.0,0,N,MELB_URBAN,ROAD,4,6.0
189132,1,1,130,4,1,50.0,0,I,SMALL_CITIES,STREET,3,14.0
189133,1,3,99,5,1,80.0,0,N,MELB_URBAN,FREEWAY,4,10.0
189134,1,3,113,2,1,60.0,0,I,TOWNS,STREET,3,8.0
189135,1,0,140,5,1,80.0,0,N,RURAL_VICTORIA,ROAD,3,15.0
189136,1,5,130,5,1,100.0,0,N,MELB_URBAN,FREEWAY,3,16.0
189137,4,5,171,5,9,50.0,0,N,TOWNS,STREET,1,7.0
189138,1,2,121,2,2,50.0,0,I,MELB_URBAN,STREET,2,6.0
189139,1,4,113,2,1,80.0,0,I,MELB_URBAN,HIGHWAY,4,12.0
189140,1,3,99,1,1,40.0,0,I,RURAL_VICTORIA,ROAD,4,8.0
189141,1,1,140,5,9,60.0,0,N,RURAL_VICTORIA,DRIVE,3,6.0
189142,1,3,99,1,1,100.0,0,I,RURAL_VICTORIA,ROAD,4,11.0
189143,5,3,99,5,1,80.0,0,N,RURAL_VICTORIA,ROAD,4,9.0
189144,2,4,100,5,3,70.0,0,N,MELB_URBAN,STREET,4,6.0
189145,8,2,174,5,9,50.0,0,N,MELB_URBAN,ROAD,3,17.0
189146,2,1,100,1,1,60.0,0,I,MELB_URBAN,STREET,3,10.0
189147,1,4,130,5,1,80.0,0,N,MELB_URBAN,ROAD,4,13.0
189148,2,4,102,2,1,60.0,0,I,MELB_URBAN,ROAD,4,9.0
189149,1,4,135,5,1,100.0,0,N,MELB_URBAN,FREEWAY,4,14.0
189150,4,3,171,2,1,60.0,0,I,MELB_URBAN,ROAD,4,14.0
189151,8,3,184,5,1,60.0,0,N,RURAL_VICTORIA,ROAD,3,6.0
189152,1,3,121,2,1,60.0,0,I,LARGE_PROVINCIAL_CITIES,HIGHWAY,4,17.0
189153,1,4,130,5,1,80.0,0,N,RURAL_VICTORIA,HIGHWAY,4,16.0
189154,1,3,116,1,1,80.0,0,I,RURAL_VICTORIA,ROAD,4,14.0
189155,1,3,132,5,1,100.0,0,N,RURAL_VICTORIA,HIGHWAY,4,16.0
189156,1,0,116,2,1,60.0,0,I,MELB_URBAN,ROAD,3,16.0
189157,1,4,140,5,1,70.0,0,N,MELB_URBAN,ROAD,4,16.0
189158,1,3,130,5,1,70.0,0,N,RURAL_VICTORIA,ROAD,4,17.0
189159,1,3,130,1,1,80.0,0,I,MELB_URBAN,HIGHWAY,4,15.0
189160,1,3,113,2,9,60.0,0,I,MELB_URBAN,DRIVE,4,15.0
189161,1,3,121,2,1,60.0,0,I,MELB_URBAN,STREET,3,11.0
189162,1,4,111,1,1,50.0,0,I,MELB_URBAN,STREET,4,17.0
189163,1,1,120,5,3,60.0,0,N,MELB_URBAN,ROAD,3,22.0
189164,1,3,116,4,3,60.0,0,I,MELB_URBAN,ROAD,4,21.0
189165,7,4,99,5,5,100.0,0,N,MELB_URBAN,FREEWAY,4,21.0
189166,2,4,100,1,4,50.0,0,N,RURAL_VICTORIA,BOULEVARD,4,20.0
189167,1,4,130,5,6,60.0,0,N,MELB_URBAN,ROAD,4,19.0
189168,8,1,174,4,1,60.0,0,N,MELB_URBAN,ROAD,3,10.0