,accident_type,day_of_week,dca_code,road_geometry,light_condition,speed_zone,severity,node_type,deg_urban_name,road_type,month,hour
189169,8,1,170,2,3,60.0,0,N,SMALL_CITIES,ROAD,3,22.0
189170,1,4,110,1,1,50.0,0,I,MELB_URBAN,STREET,4,9.0
189171,1,1,140,5,2,50.0,0,N,MELB_URBAN,ROAD,3,7.0
189172,1,4,116,1,3,60.0,0,I,SMALL_CITIES,STREET,4,6.0
189173,1,6,130,5,1,50.0,0,N,MELB_URBAN,STREET,3,15.0
189174,1,3,130,5,1,60.0,0,N,MELB_URBAN,ROAD,3,7.0
189175,1,6,130,5,3,60.0,0,N,MELB_URBAN,ROAD,3,21.0
189176,1,4,120,2,1,60.0,0,I,MELB_URBAN,ROAD,4,7.0
189177,1,2,110,1,1,50.0,0,I,LARGE_PROVINCIAL_CITIES,STREET,4,8.0
189178,1,4,113,2,1,50.0,0,O,MELB_URBAN,UNKNOWN,4,10.0
189179,1,4,99,2,3,60.0,0,I,TOWNS,OTHER,4,21.0
189180,4,4,99,5,1,50.0,0,N,MELB_URBAN,AVENUE,11,17.0
189181,1,2,130,4,6,80.0,0,I,MELB_URBAN,ROAD,3,20.0
189182,1,5,121,2,1,60.0,0,I,MELB_URBAN,ROAD,4,11.0
189183,1,5,110,1,1,50.0,0,N,MELB_URBAN,ROAD,4,12.0
189184,1,2,121,1,1,80.0,0,I,SMALL_CITIES,ROAD,4,17.0
189185,2,4,99,5,1,80.0,0,N,MELB_URBAN,RAMP,4,12.0
189186,1,3,130,2,1,50.0,0,I,MELB_URBAN,DRIVE,3,14.0
189187,8,3,184,5,1,60.0,0,N,RURAL_VICTORIA,ROAD,4,13.0
189188,1,6,135,1,1,80.0,0,N,MELB_URBAN,HIGHWAY,3,11.0
189189,1,5,130,5,1,80.0,0,N,MELB_URBAN,UNKNOWN,4,15.0
189190,1,2,99,1,1,50.0,0,I,MELB_URBAN,DRIVE,3,9.0
189191,1,5,130,5,1,80.0,0,N,MELB_URBAN,FREEWAY,4,15.0
189192,8,5,174,5,1,40.0,0,N,MELB_URBAN,STREET,4,13.0
189193,1,4,130,2,1,60.0,0,N,SMALL_CITIES,ROAD,4,15.0
189194,6,4,184,5,1,50.0,0,N,SMALL_CITIES,DRIVE,4,11.0
189195,1,4,130,5,1,60.0,0,N,RURAL_VICTORIA,ROAD,4,8.0
189196,1,5,99,2,1,50.0,0,I,MELB_URBAN,STREET,4,17.0
189197,1,6,111,1,1,60.0,0,N,MELB_URBAN,HIGHWAY,3,13.0
189198,4,4,181,5,1,100.0,0,N,RURAL_VICTORIA,ROAD,4,17.0
189199,1,5,130,2,1,80.0,0,I,RURAL_VICTORIA,OTHER,4,18.0
189200,1,5,113,1,1,70.0,0,I,MELB_URBAN,ROAD,4,18.0
189201,2,5,102,2,6,60.0,0,I,MELB_URBAN,AVENUE,4,19.0
189202,1,4,130,1,9,60.0,0,I,MELB_URBAN,ROAD,4,17.0
189203,1,4,99,2,2,100.0,0,I,RURAL_VICTORIA,ROAD,4,17.0
189204,1,3,110,1,2,60.0,0,I,RURAL_VICTORIA,OTHER,4,5.0
189205,2,5,102,1,3,60.0,0,I,MELB_URBAN,ROAD,4,21.0
189206,1,5,110,1,3,70.0,0,I,RURAL_VICTORIA,HIGHWAY,4,22.0
189207,1,4,99,5,1,50.0,0,N,MELB_URBAN,STREET,4,12.0
189208,4,5,173,4,3,60.0,0,I,MELB_URBAN,ROAD,4,22.0
189209,4,5,171,5,5,100.0,1,N,RURAL_VICTORIA,HIGHWAY,4,20.0
189210,2,5,100,5,5,50.0,0,N,MELB_URBAN,ROAD,4,20.0
189211,1,6,113,2,1,60.0,0,I,MELB_URBAN,ROAD,4,8.0
189212,1,6,130,5,2,80.0,0,N,MELB_URBAN,FREEWAY,4,7.0
189213,6,2,174,2,9,50.0,0,I,MELB_URBAN,DRIVE,2,0.0
189214,1,5,147,5,1,50.0,0,N,SMALL_CITIES,AVENUE,4,9.0
189215,8,1,184,5,1,60.0,0,N,RURAL_VICTORIA,OTHER,3,16.0
189216,1,5,147,5,1,60.0,0,N,TOWNS,ROAD,4,15.0
189217,1,3,163,5,1,40.0,0,N,MELB_URBAN,ROAD,4,16.0
189218,2,1,99,2,1,50.0,0,N,MELB_URBAN,STREET,11,13.0
189219,1,4,147,2,2,40.0,0,I,MELB_URBAN,STREET,4,7.0
189220,1,4,110,1,1,50.0,0,I,MELB_URBAN,STREET,4,9.0
189221,1,3,121,1,1,60.0,0,I,MELB_URBAN,STREET,3,9.0
189222,1,5,147,2,1,70.0,0,N,LARGE_PROVINCIAL_CITIES,STREET,4,9.0
189223,1,5,133,5,1,60.0,0,N,MELB_URBAN,PARADE,4,8.0
189224,2,6,100,5,9,80.0,1,N,RURAL_VICTORIA,HIGHWAY,4,8.0
189225,2,4,100,5,1,50.0,0,N,MELB_URBAN,STREET,4,12.0
189226,8,5,184,5,1,60.0,0,N,RURAL_VICTORIA,OTHER,4,13.0
189227,1,5,99,1,1,50.0,0,I,MELB_URBAN,STREET,4,14.0
189228,2,6,100,5,1,60.0,0,N,LARGE_PROVINCIAL_CITIES,STREET,4,14.0
189229,1,4,121,2,3,80.0,0,I,SMALL_CITIES,BOULEVARD,3,22.0
189230,6,6,174,5,1,60.0,0,N,RURAL_VICTORIA,ROAD,11,16.0
189231,1,1,130,1,1,50.0,0,I,LARGE_PROVINCIAL_CITIES,STREET,3,12.0
189232,1,2,163,2,1,40.0,0,N,MELB_URBAN,STREET,4,7.0
189233,1,4,116,1,3,80.0,0,I,MELB_URBAN,HIGHWAY,4,6.0
189234,3,6,167,5,1,100.0,0,N,RURAL_VICTORIA,ROAD,3,14.0
189235,1,5,163,2,1,40.0,0,N,MELBOURNE_CBD,STREET,4,15.0
189236,1,5,130,2,1,60.0,0,N,MELB_URBAN,ROAD,4,16.0
189237,1,5,120,5,1,60.0,0,N,MELB_URBAN,ROAD,4,17.0
189238,1,6,134,5,1,100.0,0,N,MELB_URBAN,FREEWAY,4,17.0
189239,1,6,99,5,1,100.0,0,N,RURAL_VICTORIA,ROAD,4,13.0
189240,4,6,99,2,1,60.0,0,I,MELB_URBAN,ROAD,4,13.0
189241,1,5,171,5,1,60.0,0,N,MELB_URBAN,STREET,12,17.0
189242,1,6,130,5,1,60.0,0,N,MELB_URBAN,ROAD,3,16.0
189243,8,5,174,1,1,30.0,0,I,MELB_URBAN,STREET,4,17.0
189244,1,5,110,1,1,80.0,0,I,RURAL_VICTORIA,ROAD,4,14.0
189245,1,1,121,5,3,40.0,0,N,MELB_URBAN,STREET,3,19.0
189246,1,5,99,5,1,50.0,0,N,MELB_URBAN,DRIVE,4,17.0
189247,6,5,99,5,5,100.0,0,N,RURAL_VICTORIA,BOULEVARD,4,19.0
189248,1,5,130,5,5,80.0,0,N,RURAL_VICTORIA,DRIVE,4,20.0
189249,1,4,121,5,1,60.0,0,N,MELB_URBAN,STREET,3,14.0
189250,1,6,99,2,3,50.0,0,I,MELB_URBAN,DRIVE,4,3.0
189251,4,6,171,5,3,60.0,0,N,MELB_URBAN,ROAD,4,2.0
189252,1,5,116,2,3,80.0,0,I,MELB_URBAN,ROAD,4,20.0
189253,1,4,130,2,9,60.0,0,I,MELB_URBAN,ROAD,3,16.0
189254,1,5,99,5,1,50.0,0,N,MELB_URBAN,ROAD,3,17.0
189255,4,6,171,5,1,110.0,0,N,RURAL_VICTORIA,FREEWAY,4,9.0
189256,1,6,147,5,1,50.0,0,N,RURAL_VICTORIA,OTHER,4,8.0
189257,6,3,174,2,1,50.0,0,I,LARGE_PROVINCIAL_CITIES,BOULEVARD,8,13.0
189258,1,6,130,5,1,60.0,0,N,MELB_URBAN,ROAD,4,12.0
189259,4,6,173,2,1,60.0,0,I,MELB_URBAN,ROAD,4,13.0
189260,1,7,130,1,1,60.0,0,I,MELB_URBAN,ROAD,4,12.0
189261,1,7,121,1,1,60.0,0,I,MELB_URBAN,STREET,4,12.0
189262,1,6,121,4,3,60.0,0,I,MELB_URBAN,ROAD,3,20.0
189263,1,7,121,1,1,50.0,0,I,MELB_URBAN,ROAD,4,12.0
189264,1,7,130,1,2,60.0,0,I,MELB_URBAN,ROAD,4,7.0
189265,1,6,130,5,1,70.0,0,N,MELB_URBAN,ROAD,4,8.0
189266,2,6,99,4,1,60.0,0,N,RURAL_VICTORIA,FREEWAY,4,11.0
189267,1,4,160,5,1,50.0,0,N,MELB_URBAN,ROAD,4,17.0
189268,2,6,100,5,1,40.0,0,N,MELB_URBAN,ROAD,4,16.0
189269,1,7,120,5,1,100.0,0,N,RURAL_VICTORIA,ROAD,4,16.0
189270,1,3,147,5,1,60.0,0,N,SMALL_CITIES,AVENUE,4,13.0
189271,1,6,110,1,1,60.0,0,I,MELB_URBAN,ROAD,4,18.0
189272,1,7,130,1,1,60.0,0,I,RURAL_VICTORIA,ROAD,4,16.0
189273,8,6,99,5,1,50.0,0,N,MELB_URBAN,ROAD,4,17.0
189274,1,7,160,5,1,50.0,0,N,MELB_URBAN,STREET,4,19.0
189275,4,6,99,1,3,60.0,0,I,MELB_URBAN,DRIVE,4,22.0
189276,4,7,173,5,3,60.0,0,N,MELB_URBAN,UNKNOWN,4,4.0
189277,1,7,121,4,3,60.0,0,I,MELB_URBAN,HIGHWAY,4,22.0
189278,8,0,174,1,3,60.0,0,I,LARGE_PROVINCIAL_CITIES,STREET,4,0.0
189279,4,1,171,5,5,80.0,0,N,RURAL_VICTORIA,ROAD,4,1.0
189280,4,0,99,5,2,80.0,0,N,MELB_URBAN,FREEWAY,4,6.0
189281,1,0,130,5,1,60.0,0,N,MELB_URBAN,ROAD,4,8.0
189282,1,0,130,1,1,60.0,0,I,RURAL_VICTORIA,ROAD,4,10.0
189283,4,0,181,5,1,100.0,0,N,RURAL_VICTORIA,ROAD,4,9.0
189284,1,0,111,1,1,70.0,0,N,MELB_URBAN,ROAD,4,7.0
189285,1,7,130,5,2,50.0,0,N,MELB_URBAN,PARADE,4,7.0
189286,1,1,121,2,1,80.0,0,I,MELB_URBAN,ROAD,4,11.0
189287,2,2,102,5,2,60.0,0,N,RURAL_VICTORIA,ROAD,4,7.0
189288,1,0,147,5,1,60.0,0,N,MELB_URBAN,ROAD,4,11.0
189289,1,1,110,1,1,40.0,0,I,MELB_URBAN,ROAD,4,13.0
189290,1,7,113,2,9,70.0,0,I,MELB_URBAN,ROAD,3,17.0
189291,1,3,130,5,2,60.0,0,N,MELB_URBAN,ROAD,4,6.0
189292,1,7,130,5,1,60.0,0,N,MELB_URBAN,ROAD,4,15.0
189293,5,0,99,2,1,60.0,0,I,RURAL_VICTORIA,ROAD,3,12.0
189294,1,1,110,1,1,70.0,0,I,MELB_URBAN,ROAD,4,14.0
189295,2,4,99,5,1,40.0,0,N,MELB_URBAN,OTHER,4,9.0
189296,2,1,99,5,1,50.0,0,N,MELB_URBAN,AVENUE,4,16.0
189297,1,1,120,5,1,100.0,0,N,RURAL_VICTORIA,ROAD,4,14.0
189298,8,1,99,5,1,100.0,0,N,RURAL_VICTORIA,ROAD,4,11.0
189299,1,1,99,5,3,70.0,0,N,MELB_URBAN,STREET,4,17.0
189300,1,4,99,2,1,50.0,0,I,LARGE_PROVINCIAL_CITIES,ROAD,4,8.0
189301,1,0,113,1,1,50.0,0,I,RURAL_VICTORIA,DRIVE,4,15.0
189302,6,1,99,2,2,50.0,0,N,LARGE_PROVINCIAL_CITIES,DRIVE,4,16.0
189303,1,1,130,2,3,60.0,0,I,MELB_URBAN,OTHER,4,19.0
189304,6,0,174,2,3,60.0,0,N,SMALL_CITIES,DRIVE,4,19.0
189305,1,3,130,5,1,80.0,0,N,MELB_URBAN,FREEWAY,4,15.0
189306,4,1,181,5,5,80.0,1,N,RURAL_VICTORIA,ROAD,4,20.0
189307,2,0,99,5,9,50.0,0,N,MELB_URBAN,STREET,4,11.0
189308,1,1,130,5,5,110.0,0,N,MELB_URBAN,FREEWAY,4,2.0
189309,1,1,130,5,1,100.0,0,N,RURAL_VICTORIA,HIGHWAY,3,16.0
189310,3,1,167,5,1,90.0,0,N,RURAL_VICTORIA,HIGHWAY,4,8.0
189311,1,1,130,5,1,80.0,0,N,SMALL_TOWNS,HIGHWAY,3,9.0
189312,6,2,174,5,1,100.0,0,N,RURAL_VICTORIA,ROAD,4,10.0
189313,1,1,147,5,1,30.0,0,N,RURAL_VICTORIA,ROAD,4,9.0
189314,1,2,113,4,9,60.0,0,N,MELB_URBAN,RAMP,4,9.0
189315,4,7,171,5,9,100.0,0,N,RURAL_VICTORIA,ROAD,3,6.0
189316,1,4,130,5,1,50.0,0,N,MELB_URBAN,ROAD,4,10.0
189317,4,2,173,5,1,70.0,0,N,MELB_URBAN,ROAD,4,11.0
189318,1,2,120,5,1,60.0,0,N,MELB_URBAN,STREET,4,11.0
189319,1,6,163,5,1,60.0,0,N,MELB_URBAN,ROAD,4,10.0
189320,1,3,130,5,1,60.0,0,I,MELB_URBAN,ROAD,3,8.0
189321,1,1,140,5,1,100.0,0,N,RURAL_VICTORIA,HIGHWAY,4,13.0
189322,1,3,99,5,1,60.0,0,N,SMALL_CITIES,OTHER,4,11.0
189323,4,2,99,5,1,50.0,0,N,MELB_URBAN,UNKNOWN,4,9.0
189324,4,2,173,5,1,60.0,0,N,MELB_URBAN,AVENUE,4,12.0
189325,1,2,140,5,1,50.0,0,N,MELB_URBAN,ROAD,4,12.0
189326,1,1,130,5,1,80.0,0,N,MELB_URBAN,ROAD,4,8.0
189327,5,0,99,5,1,60.0,0,N,RURAL_VICTORIA,OTHER,1,8.0
189328,1,1,121,1,1,70.0,0,I,MELB_URBAN,ROAD,4,17.0
189329,4,1,99,5,3,50.0,0,N,LARGE_PROVINCIAL_CITIES,STREET,4,23.0
189330,1,2,99,5,3,60.0,0,N,MELB_URBAN,PARADE,4,23.0
189331,4,3,171,4,5,80.0,0,I,RURAL_VICTORIA,HIGHWAY,4,1.0
189332,4,1,171,5,3,50.0,0,N,MELB_URBAN,ROAD,4,2.0
189333,1,1,130,5,1,100.0,0,N,RURAL_VICTORIA,RAMP,4,14.0
189334,1,1,99,4,1,60.0,0,I,MELB_URBAN,STREET,4,13.0
189335,1,3,140,5,2,80.0,0,N,RURAL_VICTORIA,ROAD,4,4.0
189336,1,4,121,1,2,50.0,0,I,LARGE_PROVINCIAL_CITIES,AVENUE,4,19.0
189337,4,0,99,2,1,80.0,0,I,RURAL_VICTORIA,ROAD,2,14.0
189338,1,4,99,5,1,50.0,0,N,MELB_URBAN,OTHER,2,12.0
189339,4,2,99,2,1,60.0,0,N,SMALL_CITIES,STREET,4,7.0
189340,1,5,130,5,3,80.0,0,N,MELB_URBAN,HIGHWAY,4,21.0
189341,1,5,120,2,1,60.0,0,I,MELB_URBAN,ROAD,3,15.0
189342,1,6,130,2,1,60.0,0,I,MELB_URBAN,ROAD,3,16.0
189343,1,3,140,5,1,40.0,0,N,MELB_URBAN,ROAD,4,9.0
189344,8,3,99,5,1,60.0,0,N,SMALL_CITIES,OTHER,4,9.0
189345,1,2,130,5,1,100.0,0,N,RURAL_VICTORIA,ROAD,4,11.0
189346,1,3,120,5,1,60.0,0,N,MELB_URBAN,DRIVE,4,12.0
189347,1,3,130,5,1,80.0,0,N,MELB_URBAN,HIGHWAY,4,12.0
189348,1,3,120,5,1,80.0,0,N,RURAL_VICTORIA,ROAD,4,11.0
189349,1,3,160,5,1,50.0,0,N,MELB_URBAN,ROAD,4,13.0
189350,6,2,174,2,1,60.0,0,I,MELB_URBAN,ROAD,4,14.0
189351,1,2,130,5,1,100.0,0,N,RURAL_VICTORIA,ROAD,4,7.0
189352,6,2,99,5,1,80.0,0,N,RURAL_VICTORIA,ROAD,4,10.0
189353,1,2,113,2,2,50.0,0,I,MELB_URBAN,BOULEVARD,2,18.0
189354,1,3,130,2,1,60.0,0,N,RURAL_VICTORIA,ROAD,12,8.0
189355,1,3,147,5,1,60.0,0,N,MELB_URBAN,ROAD,4,13.0
189356,1,2,160,5,1,80.0,0,N,RURAL_VICTORIA,ROAD,4,13.0
189357,1,3,110,1,1,60.0,0,I,SMALL_TOWNS,STREET,4,9.0
189358,6,2,174,2,1,50.0,0,I,MELB_URBAN,STREET,4,14.0
189359,5,2,99,5,1,60.0,0,N,RURAL_VICTORIA,OTHER,4,8.0
189360,2,2,99,5,1,50.0,0,N,MELB_URBAN,STREET,4,14.0
189361,1,5,132,5,1,60.0,0,N,RURAL_VICTORIA,ROAD,4,16.0
189362,1,2,130,2,1,50.0,0,I,MELB_URBAN,HIGHWAY,4,10.0
189363,8,3,99,5,1,100.0,0,N,RURAL_VICTORIA,ROAD,3,19.0
189364,1,2,130,5,3,80.0,0,N,MELB_URBAN,ROAD,4,17.0
189365,4,1,173,2,3,60.0,0,N,MELB_URBAN,ROAD,3,5.0
189366,1,7,147,5,1,60.0,0,I,LARGE_PROVINCIAL_CITIES,ROAD,4,9.0
189367,1,2,110,1,1,50.0,0,I,TOWNS,STREET,4,16.0
189368,4,2,171,2,1,50.0,0,I,MELB_URBAN,PARADE,4,17.0
189369,1,3,130,5,1,80.0,0,N,RURAL_VICTORIA,ROAD,4,7.0
189370,1,3,121,1,1,60.0,0,I,MELB_URBAN,ROAD,4,14.0
189371,6,4,170,5,1,60.0,0,N,RURAL_VICTORIA,HIGHWAY,4,16.0
189372,1,3,121,1,3,80.0,0,N,MELB_URBAN,DRIVE,4,21.0
189373,1,2,121,2,3,60.0,0,I,LARGE_PROVINCIAL_CITIES,STREET,4,18.0
189374,1,2,99,2,1,60.0,0,N,SMALL_TOWNS,ROAD,4,11.0
189375,2,1,99,1,2,40.0,0,I,MELBOURNE_CBD,STREET,4,18.0
189376,1,4,110,1,3,80.0,0,N,MELB_URBAN,ROAD,4,0.0
189377,4,4,183,5,3,50.0,0,N,RURAL_VICTORIA,DRIVE,4,0.0
189378,4,3,171,5,5,80.0,0,N,RURAL_VICTORIA,ROAD,4,4.0
189379,6,1,170,1,1,60.0,0,I,MELB_URBAN,HIGHWAY,2,11.0
189380,1,4,110,1,1,40.0,0,I,TOWNS,STREET,4,6.0
189381,4,3,183,5,1,80.0,0,N,RURAL_VICTORIA,HIGHWAY,3,11.0
189382,1,4,99,2,1,60.0,0,I,SMALL_TOWNS,HIGHWAY,4,7.0
189383,1,4,99,5,1,100.0,0,N,MELB_URBAN,ROAD,4,8.0
189384,1,1,130,5,1,60.0,0,N,MELB_URBAN,ROAD,4,12.0
189385,1,2,130,5,1,60.0,0,N,MELB_URBAN,DRIVE,4,8.0
189386,1,3,130,2,9,60.0,0,N,MELB_URBAN,ROAD,3,6.0
189387,2,3,100,5,1,40.0,0,N,MELBOURNE_CBD,STREET,4,10.0
189388,2,4,100,1,1,50.0,0,I,MELB_URBAN,STREET,4,7.0
189389,1,6,132,2,1,60.0,0,N,RURAL_VICTORIA,ROAD,3,17.0
189390,1,4,132,5,1,60.0,0,N,MELB_URBAN,ROAD,4,12.0
189391,1,4,130,5,1,100.0,0,N,MELB_URBAN,FREEWAY,4,9.0
189392,8,5,184,5,1,60.0,0,N,RURAL_VICTORIA,ROAD,4,16.0
189393,1,3,130,5,1,100.0,0,N,LARGE_PROVINCIAL_CITIES,ROAD,4,10.0
189394,4,3,171,2,1,40.0,0,I,RURAL_VICTORIA,ROAD,4,10.0
189395,1,3,132,2,2,60.0,0,I,RURAL_VICTORIA,STREET,3,6.0
189396,1,5,130,5,1,60.0,0,N,MELB_URBAN,STREET,4,15.0
189397,8,4,184,5,1,60.0,0,N,RURAL_VICTORIA,ROAD,4,10.0
189398,1,4,121,1,1,70.0,0,I,RURAL_VICTORIA,ROAD,4,11.0
189399,1,3,130,5,1,60.0,0,N,SMALL_CITIES,ROAD,8,15.0
189400,4,3,171,5,1,100.0,0,N,RURAL_VICTORIA,ROAD,4,9.0
189401,2,0,99,5,1,60.0,0,N,MELB_URBAN,AVENUE,3,12.0
189402,1,3,135,2,2,60.0,0,I,MELB_URBAN,ROAD,4,18.0
189403,1,7,130,1,9,60.0,0,N,MELB_URBAN,ROAD,4,11.0
189404,2,4,100,1,1,50.0,0,N,MELB_URBAN,ROAD,4,13.0
189405,1,3,99,2,6,60.0,0,I,MELB_URBAN,ROAD,4,18.0
189406,1,6,116,2,1,60.0,0,I,MELB_URBAN,STREET,4,13.0
189407,6,1,99,2,1,80.0,0,I,RURAL_VICTORIA,ROAD,3,14.0
189408,4,1,181,5,1,100.0,0,N,RURAL_VICTORIA,OTHER,3,15.0
189409,1,3,133,5,2,60.0,0,N,MELB_URBAN,ROAD,4,17.0
189410,1,4,130,5,1,60.0,0,N,MELB_URBAN,HIGHWAY,4,13.0
189411,1,3,135,5,1,80.0,0,N,MELB_URBAN,UNKNOWN,4,14.0
189412,2,3,100,2,1,60.0,0,I,MELB_URBAN,ROAD,4,7.0
189413,1,4,111,1,1,80.0,0,I,MELB_URBAN,STREET,4,14.0
189414,1,3,99,2,1,50.0,0,N,MELB_URBAN,ROAD,4,15.0
189415,4,0,99,5,2,30.0,0,N,RURAL_VICTORIA,ROAD,3,18.0
189416,1,3,113,2,1,60.0,0,I,MELB_URBAN,STREET,4,16.0
189417,1,6,121,2,6,60.0,0,I,MELB_URBAN,ROAD,3,21.0
189418,4,4,181,5,1,100.0,0,N,RURAL_VICTORIA,ROAD,4,14.0
189419,1,4,130,2,1,60.0,0,N,MELB_URBAN,ROAD,4,15.0
189420,1,4,99,5,9,100.0,0,I,RURAL_VICTORIA,ROAD,4,18.0
189421,1,4,110,1,1,80.0,0,I,RURAL_VICTORIA,ROAD,4,17.0
189422,1,4,134,2,1,60.0,0,N,MELB_URBAN,HIGHWAY,4,16.0
189423,4,3,173,5,3,60.0,0,N,MELB_URBAN,RAMP,4,18.0
189424,1,4,140,1,3,60.0,0,I,MELB_URBAN,ROAD,4,19.0
189425,4,4,173,5,5,50.0,0,N,MELB_URBAN,STREET,4,20.0
189426,1,5,121,5,1,60.0,0,N,MELB_URBAN,ROAD,2,14.0
189427,4,4,99,5,1,60.0,0,N,MELB_URBAN,DRIVE,4,7.0
189428,1,2,130,5,1,70.0,0,N,MELB_URBAN,ROAD,3,11.0
189429,1,2,130,2,1,60.0,0,N,MELB_URBAN,ROAD,4,10.0
189430,2,4,100,2,1,40.0,0,N,MELB_URBAN,ROAD,4,9.0
189431,1,1,99,5,9,60.0,0,N,MELB_URBAN,STREET,4,13.0
189432,1,5,99,1,1,40.0,0,I,MELB_URBAN,ROAD,4,9.0
189433,5,5,99,5,1,100.0,0,N,RURAL_VICTORIA,ROAD,4,8.0
189434,6,4,174,5,1,100.0,0,N,RURAL_VICTORIA,ROAD,4,10.0
189435,1,4,130,5,1,80.0,0,N,MELB_URBAN,FREEWAY,4,8.0
189436,1,4,130,5,2,80.0,0,N,MELB_URBAN,ROAD,3,19.0
189437,1,5,113,2,1,60.0,0,I,MELB_URBAN,ROAD,4,12.0
189438,8,0,184,5,1,60.0,0,N,RURAL_VICTORIA,ROAD,3,13.0
189439,4,5,99,1,1,40.0,0,I,LARGE_PROVINCIAL_CITIES,STREET,4,12.0
189440,8,6,170,5,1,60.0,0,N,RURAL_VICTORIA,ROAD,3,10.0
189441,1,4,111,2,1,60.0,0,I,MELB_URBAN,ROAD,3,12.0
189442,1,4,99,1,1,60.0,0,I,MELB_URBAN,AVENUE,4,16.0
189443,1,5,99,5,1,100.0,0,N,MELB_URBAN,FREEWAY,4,12.0
189444,1,4,130,5,1,100.0,0,N,MELB_URBAN,FREEWAY,4,13.0
189445,1,5,120,5,1,60.0,0,N,MELB_URBAN,ROAD,4,13.0
189446,2,4,102,5,1,60.0,0,N,MELB_URBAN,ROAD,12,11.0
189447,1,5,121,2,1,40.0,0,I,MELB_URBAN,STREET,4,13.0
189448,1,5,99,1,1,100.0,0,I,RURAL_VICTORIA,ROAD,4,8.0
189449,1,6,132,2,1,60.0,0,N,MELB_URBAN,ROAD,11,10.0
189450,1,5,130,1,1,60.0,0,N,SMALL_CITIES,AVENUE,3,13.0
189451,6,0,99,5,1,60.0,0,N,RURAL_VICTORIA,ROAD,2,15.0
189452,1,3,130,2,9,80.0,0,I,RURAL_VICTORIA,HIGHWAY,4,17.0
189453,2,4,102,1,1,40.0,0,I,MELB_URBAN,ROAD,4,15.0
189454,1,5,99,1,1,60.0,0,I,LARGE_PROVINCIAL_CITIES,STREET,4,15.0
189455,1,4,113,2,1,60.0,0,I,SMALL_CITIES,ROAD,4,17.0
189456,2,5,100,5,3,60.0,0,N,MELB_URBAN,STREET,4,18.0
189457,1,2,130,5,1,70.0,0,N,LARGE_PROVINCIAL_CITIES,ROAD,2,16.0
189458,2,4,102,5,1,70.0,1,I,SMALL_CITIES,ROAD,4,15.0
189459,2,5,100,5,3,50.0,0,N,SMALL_CITIES,STREET,4,18.0
189460,1,5,121,1,3,60.0,0,I,MELB_URBAN,ROAD,4,18.0
189461,1,4,121,4,3,70.0,0,N,MELB_URBAN,ROAD,4,19.0
189462,1,4,99,1,2,60.0,0,N,MELB_URBAN,BOULEVARD,4,18.0
189463,1,5,121,2,3,80.0,0,I,MELB_URBAN,ROAD,4,19.0
189464,1,4,132,2,3,80.0,0,I,RURAL_VICTORIA,HIGHWAY,4,20.0
189465,5,5,99,5,3,50.0,0,N,MELB_URBAN,STREET,4,19.0
189466,1,5,130,5,3,80.0,0,N,MELB_URBAN,HIGHWAY,4,21.0
189467,1,5,130,5,3,100.0,0,N,MELB_URBAN,FREEWAY,4,20.0
189468,4,5,171,5,5,50.0,0,N,MELB_URBAN,STREET,4,23.0
189469,1,4,121,1,3,60.0,0,I,MELB_URBAN,ROAD,4,23.0
189470,4,6,173,2,3,60.0,0,N,MELB_URBAN,ROAD,4,3.0
189471,1,6,135,5,3,100.0,0,N,MELB_URBAN,UNKNOWN,4,4.0
189472,1,6,130,2,2,70.0,0,I,MELB_URBAN,ROAD,4,5.0
189473,1,6,121,2,3,60.0,0,N,MELB_URBAN,ROAD,3,23.0
189474,4,4,183,5,1,100.0,0,N,RURAL_VICTORIA,ROAD,4,16.0
189475,1,5,130,5,1,80.0,0,N,RURAL_VICTORIA,ROAD,4,11.0
189476,1,6,134,5,1,100.0,0,N,MELB_URBAN,FREEWAY,4,6.0
189477,1,5,130,5,3,100.0,0,N,MELB_URBAN,FREEWAY,4,4.0
189478,1,6,110,1,2,60.0,0,I,MELB_URBAN,ROAD,4,6.0
189479,1,6,121,2,1,70.0,0,I,MELB_URBAN,ROAD,4,10.0
189480,1,4,99,2,1,60.0,0,I,MELB_URBAN,PARADE,4,16.0
189481,1,6,121,1,1,60.0,0,I,LARGE_PROVINCIAL_CITIES,STREET,4,10.0
189482,1,4,163,1,9,60.0,0,N,MELB_URBAN,STREET,4,13.0
189483,4,0,171,5,9,100.0,0,N,RURAL_VICTORIA,ROAD,1,17.0
189484,1,4,147,5,1,60.0,0,N,MELB_URBAN,ROAD,4,12.0
189485,1,2,130,1,1,60.0,0,I,RURAL_VICTORIA,ROAD,3,9.0
189486,1,5,133,5,2,50.0,0,N,MELB_URBAN,ROAD,4,7.0
189487,2,5,102,1,1,40.0,0,O,MELB_URBAN,UNKNOWN,4,16.0
189488,1,6,111,2,1,50.0,0,I,MELB_URBAN,ROAD,4,13.0
189489,1,1,130,1,1,60.0,0,I,MELB_URBAN,ROAD,3,13.0
189490,4,5,171,5,1,80.0,0,N,RURAL_VICTORIA,ROAD,4,6.0
189491,1,5,130,5,1,70.0,0,N,LARGE_PROVINCIAL_CITIES,ROAD,4,9.0
189492,8,0,174,2,9,60.0,0,I,RURAL_VICTORIA,ROAD,3,14.0
189493,1,6,134,5,1,80.0,0,N,MELB_URBAN,RAMP,4,13.0