,accident_type,day_of_week,dca_code,road_geometry,light_condition,speed_zone,severity,node_type,deg_urban_name,road_type,month,hour
189494,1,6,113,2,1,100.0,1,I,RURAL_VICTORIA,ROAD,4,11.0
189495,1,4,121,1,1,40.0,0,I,MELBOURNE_CBD,STREET,4,15.0
189496,1,4,135,5,1,40.0,0,N,MELB_URBAN,STREET,4,17.0
189497,6,6,174,5,1,100.0,0,N,RURAL_VICTORIA,ROAD,1,12.0
189498,1,3,121,5,1,60.0,0,N,MELB_URBAN,STREET,3,15.0
189499,1,5,121,2,1,60.0,0,I,MELB_URBAN,ROAD,4,13.0
189500,2,6,100,2,1,60.0,0,N,MELB_URBAN,ROAD,4,16.0
189501,1,6,130,1,1,60.0,0,N,SMALL_CITIES,PARADE,2,12.0
189502,1,5,121,1,1,80.0,0,I,RURAL_VICTORIA,ROAD,4,15.0
189503,1,6,130,1,1,60.0,0,I,RURAL_VICTORIA,ROAD,4,15.0
189504,1,6,110,1,1,60.0,0,I,SMALL_CITIES,ROAD,4,17.0
189505,1,5,111,1,1,60.0,0,I,MELB_URBAN,BOULEVARD,3,8.0
189506,2,6,99,1,1,50.0,1,N,SMALL_CITIES,AVENUE,4,16.0
189507,1,6,140,5,3,50.0,0,N,MELB_URBAN,AVENUE,4,19.0
189508,8,4,174,5,1,50.0,0,N,MELB_URBAN,STREET,4,15.0
189509,1,6,160,5,1,50.0,1,N,MELB_URBAN,DRIVE,4,14.0
189510,1,6,121,1,1,40.0,0,I,LARGE_PROVINCIAL_CITIES,STREET,4,16.0
189511,2,6,100,2,2,50.0,0,N,MELB_URBAN,AVENUE,4,16.0
189512,8,5,174,5,3,70.0,0,N,MELB_URBAN,ROAD,4,21.0
189513,8,6,174,5,3,60.0,0,N,MELB_URBAN,STREET,4,0.0
189514,1,6,99,5,3,60.0,0,N,MELB_URBAN,ROAD,4,1.0
189515,1,6,120,2,3,80.0,0,I,RURAL_VICTORIA,HIGHWAY,4,1.0
189516,1,6,121,5,3,60.0,0,N,MELB_URBAN,ROAD,4,1.0
189517,1,5,121,2,1,70.0,0,I,MELB_URBAN,ROAD,4,13.0
189518,1,7,140,5,1,100.0,0,N,RURAL_VICTORIA,ROAD,4,7.0
189519,1,6,147,5,1,60.0,0,N,MELB_URBAN,ROAD,4,7.0
189520,6,5,99,5,1,100.0,0,N,RURAL_VICTORIA,ROAD,12,13.0
189521,1,7,121,1,1,60.0,0,I,MELB_URBAN,PARADE,4,8.0
189522,1,7,135,4,1,60.0,0,I,MELB_URBAN,ROAD,4,7.0
189523,1,4,130,5,1,60.0,0,N,MELB_URBAN,RAMP,9,17.0
189524,2,7,99,5,1,60.0,0,N,LARGE_PROVINCIAL_CITIES,STREET,4,8.0
189525,2,7,99,2,3,40.0,0,I,TOWNS,HIGHWAY,4,2.0
189526,4,6,173,5,1,60.0,0,N,MELB_URBAN,ROAD,4,9.0
189527,8,7,174,2,6,50.0,0,I,MELB_URBAN,ROAD,4,2.0
189528,8,7,184,2,9,60.0,0,I,MELB_URBAN,BOULEVARD,4,10.0
189529,1,5,99,2,1,40.0,0,N,LARGE_PROVINCIAL_CITIES,ROAD,4,15.0
189530,1,5,99,1,2,80.0,0,I,MELB_URBAN,HIGHWAY,3,19.0
189531,1,6,133,5,1,100.0,0,N,RURAL_VICTORIA,ROAD,4,12.0
189532,2,6,99,5,1,40.0,0,N,MELB_URBAN,STREET,4,12.0
189533,1,6,130,5,1,80.0,0,N,RURAL_VICTORIA,HIGHWAY,4,11.0
189534,4,7,183,5,1,100.0,0,N,RURAL_VICTORIA,ROAD,4,13.0
189535,1,6,130,5,1,70.0,0,N,RURAL_VICTORIA,ROAD,4,14.0
189536,6,6,174,2,1,60.0,0,I,MELB_URBAN,STREET,4,10.0
189537,1,7,111,1,1,50.0,0,I,MELB_URBAN,AVENUE,4,14.0
189538,4,6,181,5,1,60.0,0,N,RURAL_VICTORIA,ROAD,4,16.0
189539,8,7,184,5,1,80.0,0,N,RURAL_VICTORIA,ROAD,4,8.0
189540,1,5,130,1,3,40.0,0,I,MELB_URBAN,OTHER,4,20.0
189541,4,5,183,5,5,100.0,0,N,RURAL_VICTORIA,ROAD,4,23.0
189542,1,7,147,5,2,50.0,0,N,MELB_URBAN,ROAD,4,17.0
189543,1,0,132,2,1,60.0,0,I,MELB_URBAN,ROAD,3,13.0
189544,1,7,133,5,1,40.0,0,N,RURAL_VICTORIA,ROAD,4,16.0
189545,1,7,130,5,1,80.0,0,N,MELB_URBAN,FREEWAY,4,17.0
189546,1,6,99,2,1,50.0,0,N,MELB_URBAN,STREET,4,17.0
189547,1,7,163,2,1,40.0,0,N,MELB_URBAN,STREET,4,14.0
189548,1,7,134,4,1,80.0,0,I,MELB_URBAN,OTHER,4,17.0
189549,4,7,181,5,1,100.0,0,N,RURAL_VICTORIA,ROAD,4,17.0
189550,1,7,130,1,1,80.0,0,N,MELB_URBAN,HIGHWAY,4,16.0
189551,1,7,121,2,3,80.0,0,I,MELB_URBAN,ROAD,4,21.0
189552,1,1,113,2,3,60.0,0,I,MELB_URBAN,ROAD,4,0.0
189553,1,3,147,5,1,60.0,0,N,MELB_URBAN,STREET,3,12.0
189554,2,2,99,1,1,40.0,0,I,MELB_URBAN,ROAD,2,13.0
189555,1,4,134,1,9,40.0,0,I,MELB_URBAN,STREET,3,12.0
189556,1,1,110,1,1,60.0,0,I,LARGE_PROVINCIAL_CITIES,STREET,4,9.0
189557,1,6,130,5,1,100.0,0,N,MELB_URBAN,FREEWAY,4,13.0
189558,4,0,173,5,1,100.0,0,N,RURAL_VICTORIA,ROAD,4,9.0
189559,1,6,130,1,1,60.0,0,N,SMALL_CITIES,ROAD,4,12.0
189560,1,1,130,5,1,50.0,0,N,MELB_URBAN,STREET,4,12.0
189561,8,0,99,5,1,60.0,0,N,RURAL_VICTORIA,ROAD,4,9.0
189562,1,4,130,5,1,60.0,0,N,MELB_URBAN,ROAD,2,16.0
189563,1,5,140,2,1,60.0,0,N,LARGE_PROVINCIAL_CITIES,ROAD,4,7.0
189564,4,0,99,5,1,50.0,0,N,TOWNS,STREET,4,11.0
189565,1,0,130,1,1,80.0,0,I,MELB_URBAN,ROAD,4,11.0
189566,2,0,102,5,1,60.0,0,N,MELB_URBAN,ROAD,4,13.0
189567,1,3,110,4,1,60.0,0,I,SMALL_CITIES,RAMP,2,10.0
189568,3,1,167,5,1,100.0,1,N,RURAL_VICTORIA,ROAD,4,9.0
189569,1,7,121,1,3,80.0,0,I,MELB_URBAN,ROAD,4,21.0
189570,1,0,121,2,1,60.0,0,I,MELB_URBAN,STREET,4,15.0
189571,1,0,121,1,1,100.0,0,I,RURAL_VICTORIA,HIGHWAY,4,14.0
189572,5,0,99,5,1,100.0,0,N,RURAL_VICTORIA,ROAD,4,16.0
189573,1,1,113,2,3,40.0,0,I,MELB_URBAN,STREET,4,18.0
189574,8,0,174,5,3,80.0,0,N,MELB_URBAN,HIGHWAY,4,18.0
189575,4,0,171,5,5,80.0,0,N,RURAL_VICTORIA,ROAD,4,18.0
189576,4,2,173,5,1,100.0,0,N,MELB_URBAN,FREEWAY,3,9.0
189577,1,0,130,5,1,80.0,0,N,MELB_URBAN,ROAD,4,17.0
189578,2,6,99,5,9,50.0,0,N,MELB_URBAN,STREET,4,23.0
189579,2,0,99,5,3,50.0,0,N,MELB_URBAN,OTHER,4,20.0
189580,1,1,99,5,2,60.0,0,N,RURAL_VICTORIA,ROAD,4,17.0
189581,1,0,160,5,3,60.0,0,N,MELB_URBAN,ROAD,4,21.0
189582,4,1,173,5,3,80.0,0,N,MELB_URBAN,HIGHWAY,4,23.0
189583,1,2,130,1,3,40.0,0,I,MELB_URBAN,ROAD,4,1.0
189584,1,1,160,5,3,60.0,0,N,LARGE_PROVINCIAL_CITIES,STREET,4,0.0
189585,1,4,163,1,1,30.0,0,N,MELB_URBAN,STREET,4,17.0
189586,1,2,121,1,1,40.0,0,I,MELB_URBAN,ROAD,4,6.0
189587,1,2,134,2,1,60.0,0,I,MELB_URBAN,OTHER,4,8.0
189588,1,2,135,5,1,60.0,0,N,MELB_URBAN,ROAD,4,9.0
189589,1,6,147,5,1,50.0,0,N,MELB_URBAN,ROAD,2,12.0
189590,1,3,160,5,1,60.0,0,N,MELB_URBAN,UNKNOWN,4,11.0
189591,8,2,174,5,1,60.0,0,N,RURAL_VICTORIA,ROAD,4,10.0
189592,4,5,183,5,3,60.0,0,N,LARGE_PROVINCIAL_CITIES,ROAD,3,2.0
189593,1,1,147,5,3,60.0,0,N,MELB_URBAN,ROAD,3,21.0
189594,1,1,113,1,1,60.0,0,I,MELB_URBAN,ROAD,4,17.0
189595,2,6,99,2,1,60.0,0,I,MELB_URBAN,STREET,3,9.0
189596,8,2,174,2,3,60.0,0,I,RURAL_VICTORIA,ROAD,4,18.0
189597,1,2,120,5,1,50.0,0,N,MELB_URBAN,STREET,4,13.0
189598,8,2,174,4,1,40.0,0,N,MELB_URBAN,STREET,4,14.0
189599,1,1,110,1,1,40.0,0,I,MELB_URBAN,STREET,4,14.0
189600,4,1,171,5,1,100.0,0,N,RURAL_VICTORIA,ROAD,4,12.0
189601,1,1,110,1,1,50.0,0,I,TOWNS,STREET,4,12.0
189602,2,2,100,1,1,80.0,0,N,MELB_URBAN,ROAD,4,14.0
189603,2,2,99,5,1,60.0,0,N,RURAL_VICTORIA,ROAD,4,15.0
189604,1,2,147,5,1,30.0,0,N,MELB_URBAN,ROAD,4,15.0
189605,1,2,121,1,1,40.0,0,I,MELB_URBAN,ROAD,4,14.0
189606,1,1,135,5,1,60.0,0,N,MELB_URBAN,ROAD,4,12.0
189607,6,2,174,1,1,60.0,0,I,MELB_URBAN,ROAD,4,10.0
189608,1,2,130,5,9,60.0,0,N,MELB_URBAN,HIGHWAY,4,15.0
189609,6,0,99,5,1,100.0,0,N,RURAL_VICTORIA,ROAD,3,15.0
189610,1,2,135,5,1,60.0,0,N,MELB_URBAN,HIGHWAY,4,16.0
189611,4,6,173,5,9,50.0,0,N,MELB_URBAN,STREET,3,6.0
189612,1,5,121,5,1,70.0,0,N,MELB_URBAN,ROAD,4,16.0
189613,4,6,183,5,1,80.0,0,N,SMALL_TOWNS,ROAD,2,13.0
189614,1,2,110,1,1,60.0,0,O,MELB_URBAN,UNKNOWN,4,16.0
189615,1,2,99,2,1,60.0,0,I,MELB_URBAN,STREET,4,15.0
189616,4,1,171,5,1,100.0,0,N,RURAL_VICTORIA,ROAD,4,16.0
189617,1,2,99,2,1,100.0,0,I,RURAL_VICTORIA,HIGHWAY,4,17.0
189618,1,2,130,1,1,60.0,0,I,MELB_URBAN,ROAD,4,15.0
189619,1,1,110,1,1,40.0,0,I,MELB_URBAN,ROAD,4,15.0
189620,1,1,130,5,1,80.0,0,N,MELB_URBAN,HIGHWAY,4,17.0
189621,1,0,130,5,1,50.0,0,N,MELB_URBAN,ROAD,1,14.0
189622,8,1,174,5,1,60.0,0,N,MELB_URBAN,ROAD,4,14.0
189623,1,2,130,5,3,100.0,0,N,MELB_URBAN,FREEWAY,4,18.0
189624,1,2,130,5,9,60.0,0,N,LARGE_PROVINCIAL_CITIES,ROAD,4,15.0
189625,2,1,100,2,5,50.0,0,I,MELB_URBAN,ROAD,4,18.0
189626,1,1,147,5,1,50.0,0,N,RURAL_VICTORIA,ROAD,4,16.0
189627,1,1,121,1,3,90.0,0,I,MELB_URBAN,ROAD,4,22.0
189628,4,2,181,5,5,100.0,0,N,RURAL_VICTORIA,HIGHWAY,4,21.0
189629,1,7,111,2,1,50.0,0,I,RURAL_VICTORIA,AVENUE,4,12.0
189630,1,0,113,2,1,60.0,0,I,MELB_URBAN,STREET,11,12.0
189631,1,2,130,2,1,80.0,0,I,RURAL_VICTORIA,ROAD,4,8.0
189632,9,2,99,5,3,60.0,0,N,MELB_URBAN,STREET,4,2.0
189633,1,2,130,5,1,100.0,0,N,MELB_URBAN,FREEWAY,4,5.0
189634,1,3,121,1,1,40.0,0,I,MELB_URBAN,AVENUE,4,7.0
189635,1,2,130,5,1,100.0,0,N,MELB_URBAN,FREEWAY,4,7.0
189636,1,4,130,1,1,60.0,0,N,MELB_URBAN,ROAD,4,9.0
189637,1,2,130,2,1,60.0,0,I,MELB_URBAN,AVENUE,4,11.0
189638,1,2,120,5,1,100.0,0,N,RURAL_VICTORIA,HIGHWAY,4,10.0
189639,1,2,130,5,1,80.0,0,N,RURAL_VICTORIA,ROAD,4,10.0
189640,1,2,140,5,1,60.0,0,N,LARGE_PROVINCIAL_CITIES,STREET,4,11.0
189641,1,2,130,5,1,60.0,0,N,MELB_URBAN,AVENUE,4,9.0
189642,1,2,99,1,9,60.0,0,I,MELB_URBAN,STREET,4,5.0
189643,1,4,130,1,3,60.0,0,I,MELB_URBAN,ROAD,4,20.0
189644,1,1,130,1,9,50.0,0,I,MELB_URBAN,STREET,4,17.0
189645,4,2,99,5,1,60.0,0,N,MELB_URBAN,OTHER,4,14.0
189646,1,2,120,5,1,50.0,0,N,MELB_URBAN,ROAD,4,10.0
189647,1,3,130,2,1,70.0,0,I,LARGE_PROVINCIAL_CITIES,STREET,4,13.0
189648,1,2,135,5,1,100.0,0,N,MELB_URBAN,FREEWAY,4,11.0
189649,1,2,121,1,1,70.0,0,I,MELB_URBAN,ROAD,4,14.0
189650,2,3,100,2,1,40.0,0,N,MELB_URBAN,ROAD,4,14.0
189651,1,6,134,5,1,80.0,0,N,MELB_URBAN,ROAD,4,14.0
189652,1,3,130,5,1,100.0,0,N,MELB_URBAN,FREEWAY,4,15.0
189653,2,3,99,5,1,30.0,0,N,MELB_URBAN,ROAD,4,16.0
189654,2,2,99,5,1,50.0,0,N,MELB_URBAN,STREET,4,17.0
189655,1,3,99,5,1,50.0,0,N,MELB_URBAN,STREET,4,16.0
189656,1,6,135,5,1,60.0,0,N,MELB_URBAN,ROAD,3,17.0
189657,1,3,113,2,1,50.0,0,I,MELB_URBAN,DRIVE,4,16.0
189658,1,3,113,1,1,60.0,0,I,TOWNS,ROAD,4,17.0
189659,1,3,121,1,1,50.0,0,I,MELB_URBAN,ROAD,4,16.0
189660,1,3,113,1,2,70.0,0,I,RURAL_VICTORIA,ROAD,4,17.0
189661,1,2,147,5,1,50.0,0,N,MELB_URBAN,OTHER,4,16.0
189662,1,3,113,2,2,100.0,0,I,RURAL_VICTORIA,HIGHWAY,4,16.0
189663,2,2,102,1,1,60.0,0,I,MELB_URBAN,ROAD,4,15.0
189664,1,3,130,1,9,60.0,0,N,MELB_URBAN,ROAD,4,15.0
189665,1,3,134,5,1,100.0,0,N,MELB_URBAN,FREEWAY,4,14.0
189666,4,7,183,5,1,60.0,0,N,RURAL_VICTORIA,ROAD,4,15.0
189667,2,1,100,1,3,40.0,0,I,MELB_URBAN,ROAD,4,20.0
189668,2,2,100,1,3,50.0,0,N,MELB_URBAN,STREET,4,20.0
189669,1,2,99,2,1,50.0,0,I,RURAL_VICTORIA,DRIVE,4,16.0
189670,2,3,100,1,1,60.0,1,I,MELB_URBAN,ROAD,4,14.0
189671,1,2,99,5,3,40.0,0,N,MELB_URBAN,FREEWAY,4,20.0
189672,1,5,121,2,1,50.0,0,I,MELB_URBAN,OTHER,4,6.0
189673,1,3,120,5,5,100.0,0,N,RURAL_VICTORIA,HIGHWAY,4,19.0
189674,1,3,130,1,1,60.0,0,N,LARGE_PROVINCIAL_CITIES,ROAD,4,17.0
189675,1,4,130,5,3,40.0,0,N,MELB_URBAN,UNKNOWN,4,3.0
189676,6,3,99,5,5,50.0,0,N,SMALL_TOWNS,ROAD,4,0.0
189677,1,4,110,1,1,40.0,0,I,MELB_URBAN,STREET,4,8.0
189678,4,0,171,5,5,80.0,0,N,RURAL_VICTORIA,ROAD,4,23.0
189679,4,4,181,5,1,70.0,0,N,RURAL_VICTORIA,ROAD,3,11.0
189680,1,4,116,1,1,60.0,0,I,MELB_URBAN,ROAD,4,9.0
189681,8,6,99,5,1,40.0,0,N,TOWNS,STREET,4,11.0
189682,3,3,167,5,2,80.0,0,N,RURAL_VICTORIA,HIGHWAY,4,6.0
189683,1,6,135,5,1,60.0,0,N,MELB_URBAN,HIGHWAY,11,7.0
189684,2,4,100,5,1,100.0,0,N,MELB_URBAN,FREEWAY,4,9.0
189685,4,1,181,5,1,50.0,0,N,MELB_URBAN,ROAD,3,16.0
189686,1,3,130,5,1,80.0,0,N,TOWNS,ROAD,4,12.0
189687,1,3,147,5,1,100.0,0,N,RURAL_VICTORIA,HIGHWAY,4,7.0
189688,1,4,140,2,1,60.0,0,I,MELB_URBAN,ROAD,4,10.0
189689,1,3,121,2,1,80.0,0,I,MELB_URBAN,ROAD,4,11.0
189690,1,4,130,5,1,80.0,0,N,MELB_URBAN,ROAD,4,10.0
189691,1,4,130,2,9,60.0,0,I,MELB_URBAN,OTHER,3,17.0
189692,1,4,163,5,1,30.0,0,N,MELB_URBAN,STREET,4,13.0
189693,1,5,130,5,1,60.0,0,N,MELB_URBAN,ROAD,3,15.0
189694,1,3,99,2,1,50.0,0,I,MELB_URBAN,OTHER,4,12.0
189695,1,6,130,1,1,60.0,0,O,MELB_URBAN,UNKNOWN,3,16.0
189696,1,3,121,2,1,60.0,0,I,SMALL_CITIES,STREET,4,12.0
189697,1,3,99,5,9,60.0,0,N,RURAL_VICTORIA,ROAD,3,15.0
189698,4,3,171,5,1,100.0,0,N,RURAL_VICTORIA,ROAD,4,12.0
189699,1,3,130,1,1,60.0,0,I,MELB_URBAN,ROAD,3,15.0
189700,1,5,121,1,3,80.0,0,I,MELB_URBAN,ROAD,3,22.0
189701,1,4,121,1,1,60.0,0,I,MELB_URBAN,ROAD,4,10.0
189702,1,0,99,2,1,60.0,0,I,MELB_URBAN,ROAD,4,16.0
189703,4,1,99,5,5,30.0,0,N,MELB_URBAN,ROAD,4,23.0
189704,2,4,99,2,1,60.0,0,I,MELB_URBAN,ROAD,4,15.0
189705,3,1,167,5,3,80.0,0,N,MELB_URBAN,ROAD,3,21.0
189706,1,3,130,5,1,60.0,0,N,MELB_URBAN,ROAD,4,13.0
189707,1,5,121,1,3,60.0,0,I,MELB_URBAN,ROAD,4,20.0
189708,1,4,130,5,1,80.0,0,N,MELB_URBAN,ROAD,4,14.0
189709,5,4,99,5,1,60.0,0,N,RURAL_VICTORIA,ROAD,4,13.0
189710,1,3,160,1,1,50.0,0,I,MELB_URBAN,STREET,4,16.0
189711,1,4,99,1,3,40.0,0,I,MELBOURNE_CBD,STREET,4,18.0
189712,4,3,173,5,1,50.0,0,N,MELB_URBAN,STREET,4,16.0
189713,2,4,99,5,1,40.0,0,N,MELB_URBAN,ROAD,4,17.0
189714,4,3,99,5,1,50.0,0,N,MELB_URBAN,STREET,4,16.0
189715,1,3,130,5,1,100.0,0,N,MELB_URBAN,FREEWAY,12,13.0
189716,4,4,171,5,1,50.0,0,N,MELB_URBAN,DRIVE,4,14.0
189717,1,3,121,1,3,60.0,0,N,MELB_URBAN,STREET,4,19.0
189718,1,4,135,5,5,100.0,0,N,MELB_URBAN,FREEWAY,4,19.0
189719,1,3,110,1,1,40.0,0,I,MELB_URBAN,OTHER,4,16.0
189720,1,4,130,5,1,110.0,0,N,RURAL_VICTORIA,OTHER,4,16.0
189721,1,4,121,5,3,60.0,0,N,MELB_URBAN,STREET,4,5.0
189722,1,3,110,1,3,70.0,0,N,MELB_URBAN,ROAD,4,18.0
189723,1,0,121,2,3,80.0,0,I,TOWNS,HIGHWAY,4,19.0
189724,1,4,133,5,1,80.0,0,N,MELB_URBAN,OTHER,12,11.0
189725,4,3,99,5,5,100.0,0,N,RURAL_VICTORIA,ROAD,4,22.0
189726,1,6,130,5,1,50.0,0,N,MELB_URBAN,ROAD,2,15.0
189727,3,5,167,5,5,60.0,0,N,RURAL_VICTORIA,OTHER,4,5.0
189728,1,4,110,1,1,60.0,0,I,MELB_URBAN,ROAD,4,6.0
189729,8,6,184,5,1,80.0,0,N,RURAL_VICTORIA,ROAD,3,13.0
189730,2,4,100,2,1,50.0,0,N,MELB_URBAN,STREET,4,10.0
189731,1,4,130,5,1,40.0,0,N,MELB_URBAN,FREEWAY,4,12.0
189732,2,5,102,1,1,40.0,0,I,MELB_URBAN,HIGHWAY,4,8.0
189733,6,5,174,5,1,60.0,0,N,MELB_URBAN,ROAD,2,13.0
189734,1,4,99,1,1,40.0,0,I,MELB_URBAN,STREET,4,15.0
189735,1,4,130,2,1,70.0,0,I,LARGE_PROVINCIAL_CITIES,ROAD,4,10.0
189736,1,6,130,2,1,60.0,0,N,MELB_URBAN,ROAD,4,15.0
189737,1,1,134,1,2,50.0,0,N,MELB_URBAN,ROAD,4,18.0
189738,1,5,111,1,1,100.0,0,N,RURAL_VICTORIA,ROAD,4,11.0
189739,1,5,110,1,1,50.0,0,I,MELB_URBAN,STREET,4,13.0
189740,8,6,174,2,1,50.0,0,N,RURAL_VICTORIA,STREET,1,13.0
189741,1,4,110,1,1,50.0,0,I,MELB_URBAN,ROAD,4,13.0
189742,1,3,110,1,1,40.0,0,N,MELB_URBAN,STREET,4,16.0
189743,2,4,100,5,1,60.0,0,N,MELB_URBAN,ROAD,4,12.0
189744,1,3,99,2,1,80.0,0,I,LARGE_PROVINCIAL_CITIES,ROAD,4,8.0
189745,1,2,160,5,1,40.0,0,N,MELB_URBAN,STREET,4,8.0
189746,1,5,121,5,1,80.0,0,N,MELB_URBAN,ROAD,4,15.0
189747,2,5,99,5,1,30.0,0,N,MELB_URBAN,ROAD,4,16.0
189748,1,3,133,5,3,60.0,0,N,MELB_URBAN,STREET,4,17.0
189749,4,3,183,5,1,100.0,0,N,MELB_URBAN,FREEWAY,3,15.0
189750,1,5,130,5,1,60.0,0,N,MELB_URBAN,FREEWAY,4,15.0
189751,4,4,171,2,1,40.0,0,N,MELB_URBAN,ROAD,4,15.0
189752,1,5,160,5,1,60.0,0,N,SMALL_CITIES,STREET,4,15.0
189753,1,4,130,5,5,100.0,0,N,MELB_URBAN,ROAD,4,18.0
189754,1,3,110,1,3,60.0,0,N,SMALL_TOWNS,ROAD,8,19.0
189755,1,4,130,5,2,100.0,0,N,MELB_URBAN,RAMP,4,17.0
189756,1,5,110,1,1,100.0,0,N,RURAL_VICTORIA,ROAD,4,17.0
189757,1,4,130,5,1,70.0,0,N,LARGE_PROVINCIAL_CITIES,HIGHWAY,4,17.0
189758,1,5,130,5,9,60.0,0,N,MELB_URBAN,DRIVE,4,9.0
189759,1,4,121,1,3,80.0,0,I,MELB_URBAN,ROAD,4,20.0
189760,1,4,110,1,3,60.0,0,I,MELB_URBAN,DRIVE,4,23.0
189761,1,5,120,5,5,100.0,0,N,TOWNS,HIGHWAY,4,19.0
189762,4,5,183,5,5,80.0,0,N,RURAL_VICTORIA,ROAD,4,23.0
189763,6,5,99,5,5,100.0,0,N,RURAL_VICTORIA,HIGHWAY,4,2.0
189764,2,6,99,5,3,60.0,0,N,MELB_URBAN,ROAD,4,2.0
189765,4,6,181,5,3,50.0,0,N,SMALL_CITIES,DRIVE,4,3.0
189766,8,6,174,2,3,50.0,0,I,MELB_URBAN,DRIVE,4,3.0
189767,1,4,99,5,3,40.0,0,N,MELB_URBAN,STREET,4,22.0
189768,6,5,99,1,1,100.0,0,I,RURAL_VICTORIA,ROAD,4,13.0
189769,4,6,171,5,2,60.0,0,N,MELB_URBAN,ROAD,4,6.0
189770,1,4,130,5,1,100.0,0,N,MELB_URBAN,FREEWAY,4,13.0
189771,1,3,130,5,1,50.0,0,N,MELB_URBAN,PARADE,3,9.0
189772,1,3,99,1,3,60.0,0,I,MELB_URBAN,ROAD,4,18.0
189773,2,3,100,2,1,40.0,0,N,MELB_URBAN,ROAD,4,17.0
189774,4,6,183,5,1,60.0,0,N,MELB_URBAN,ROAD,4,6.0
189775,1,5,132,5,1,80.0,0,N,RURAL_VICTORIA,ROAD,4,11.0
189776,4,6,99,5,1,60.0,0,N,MELB_URBAN,ROAD,4,12.0
189777,1,5,110,1,1,60.0,0,O,MELB_URBAN,UNKNOWN,4,12.0
189778,4,5,171,5,1,80.0,0,N,MELB_URBAN,ROAD,4,13.0
189779,1,5,110,1,1,60.0,0,I,SMALL_CITIES,ROAD,4,10.0
189780,1,5,110,1,1,60.0,0,I,SMALL_CITIES,STREET,4,8.0
189781,1,6,113,2,1,50.0,0,I,MELB_URBAN,ROAD,4,10.0
189782,1,6,183,5,1,60.0,1,N,MELB_URBAN,ROAD,4,11.0
189783,1,6,121,5,1,50.0,0,N,MELB_URBAN,ROAD,4,14.0
189784,1,6,121,1,1,80.0,0,N,RURAL_VICTORIA,OTHER,4,15.0
189785,4,6,181,5,1,100.0,0,N,RURAL_VICTORIA,ROAD,4,14.0
189786,4,3,183,5,1,100.0,0,N,RURAL_VICTORIA,ROAD,4,14.0
189787,1,5,120,5,1,80.0,0,N,RURAL_VICTORIA,HIGHWAY,4,13.0
189788,1,6,160,2,2,50.0,0,I,MELB_URBAN,OTHER,4,18.0
189789,1,4,121,2,9,80.0,0,N,MELB_URBAN,ROAD,4,18.0
189790,2,5,99,5,1,50.0,0,N,MELB_URBAN,OTHER,4,8.0
189791,4,5,173,5,1,100.0,0,N,RURAL_VICTORIA,ROAD,4,15.0
189792,1,6,130,5,3,60.0,0,N,MELB_URBAN,ROAD,4,22.0
189793,2,6,99,5,3,50.0,0,N,MELB_URBAN,OTHER,4,20.0
189794,4,5,171,5,1,60.0,0,N,RURAL_VICTORIA,ROAD,4,15.0
189795,1,3,130,5,1,80.0,0,N,MELB_URBAN,ROAD,3,15.0
189796,1,6,120,5,1,100.0,0,N,RURAL_VICTORIA,ROAD,4,12.0
189797,8,7,99,4,1,80.0,0,N,RURAL_VICTORIA,ROAD,4,13.0
189798,6,3,99,5,2,60.0,0,N,RURAL_VICTORIA,OTHER,4,18.0
189799,1,7,140,4,1,100.0,0,N,RURAL_VICTORIA,ROAD,4,11.0
189800,2,7,100,1,1,80.0,0,I,MELB_URBAN,ROAD,4,8.0
189801,8,5,174,1,2,60.0,0,I,SMALL_CITIES,STREET,4,17.0
189802,2,7,99,5,1,50.0,0,N,MELB_URBAN,ROAD,4,11.0
189803,1,6,110,1,1,60.0,0,I,MELB_URBAN,STREET,4,13.0
189804,1,6,113,2,1,60.0,0,I,MELB_URBAN,ROAD,4,14.0
189805,1,6,113,2,1,50.0,0,I,MELB_URBAN,STREET,4,7.0
189806,1,6,99,1,1,60.0,0,I,MELB_URBAN,HIGHWAY,4,13.0
189807,1,6,130,5,1,60.0,0,N,MELB_URBAN,ROAD,4,14.0
189808,4,7,173,5,1,110.0,0,N,RURAL_VICTORIA,FREEWAY,4,15.0
189809,1,6,110,1,1,60.0,0,I,TOWNS,STREET,4,16.0
189810,4,3,173,5,1,100.0,0,N,RURAL_VICTORIA,ROAD,4,15.0
189811,8,7,174,5,1,60.0,0,N,TOWNS,ROAD,4,16.0
189812,6,6,174,5,5,100.0,0,N,RURAL_VICTORIA,ROAD,2,1.0
189813,5,6,99,5,1,80.0,0,N,RURAL_VICTORIA,ROAD,4,16.0
189814,1,6,110,1,1,80.0,0,I,MELB_URBAN,HIGHWAY,4,17.0
189815,1,7,99,1,3,40.0,0,I,MELB_URBAN,STREET,4,21.0
189816,4,5,183,5,5,80.0,0,N,RURAL_VICTORIA,ROAD,4,20.0
189817,1,6,163,2,3,40.0,0,N,MELB_URBAN,STREET,4,21.0
189818,4,7,173,5,3,80.0,0,N,MELB_URBAN,HIGHWAY,4,21.0
189819,1,6,120,5,3,60.0,0,N,RURAL_VICTORIA,HIGHWAY,4,20.0
189820,4,7,181,5,5,50.0,0,N,LARGE_PROVINCIAL_CITIES,STREET,4,21.0