,accident_type,day_of_week,dca_code,road_geometry,light_condition,speed_zone,severity,node_type,deg_urban_name,road_type,month,hour
190474,2,3,100,1,9,50.0,0,I,MELB_URBAN,ROAD,5,8.0
190475,4,3,173,5,3,100.0,0,N,RURAL_VICTORIA,FREEWAY,5,18.0
190476,1,4,130,5,1,70.0,0,N,RURAL_VICTORIA,ROAD,5,9.0
190477,6,3,184,5,5,60.0,0,N,RURAL_VICTORIA,ROAD,5,5.0
190478,2,5,99,5,1,50.0,0,N,MELB_URBAN,OTHER,5,17.0
190479,3,4,167,5,5,100.0,0,N,RURAL_VICTORIA,ROAD,5,6.0
190480,2,4,99,5,3,50.0,0,N,MELB_URBAN,STREET,5,22.0
190481,1,4,121,1,1,50.0,0,I,MELB_URBAN,ROAD,5,8.0
190482,1,4,116,2,1,50.0,0,I,RURAL_VICTORIA,DRIVE,5,7.0
190483,1,4,121,2,1,60.0,0,I,RURAL_VICTORIA,ROAD,4,9.0
190484,1,3,130,5,1,60.0,0,N,LARGE_PROVINCIAL_CITIES,STREET,4,7.0
190485,1,5,135,5,1,100.0,0,N,MELB_URBAN,FREEWAY,5,11.0
190486,1,4,110,4,1,60.0,0,I,LARGE_PROVINCIAL_CITIES,ROAD,5,11.0
190487,1,4,113,2,1,40.0,0,I,MELB_URBAN,STREET,5,8.0
190488,1,3,99,1,1,60.0,0,N,MELB_URBAN,ROAD,3,8.0
190489,1,4,110,1,3,60.0,0,I,RURAL_VICTORIA,ROAD,5,4.0
190490,1,5,130,2,1,80.0,0,I,LARGE_PROVINCIAL_CITIES,ROAD,4,14.0
190491,2,4,102,2,1,60.0,0,I,MELB_URBAN,PARADE,5,11.0
190492,1,5,99,2,1,60.0,0,I,SMALL_TOWNS,ROAD,5,8.0
190493,7,3,99,5,1,60.0,0,N,MELB_URBAN,STREET,4,13.0
190494,1,3,130,5,1,60.0,0,N,RURAL_VICTORIA,ROAD,3,14.0
190495,8,4,99,1,1,60.0,0,I,MELBOURNE_CBD,STREET,5,9.0
190496,8,0,184,5,2,80.0,0,N,RURAL_VICTORIA,ROAD,5,18.0
190497,1,5,111,1,1,60.0,0,I,MELB_URBAN,ROAD,5,12.0
190498,4,1,181,5,1,80.0,0,N,RURAL_VICTORIA,ROAD,4,9.0
190499,4,5,173,5,1,90.0,0,N,RURAL_VICTORIA,ROAD,5,11.0
190500,2,4,99,1,2,110.0,1,N,RURAL_VICTORIA,FREEWAY,5,7.0
190501,1,3,110,1,1,80.0,0,I,RURAL_VICTORIA,ROAD,4,15.0
190502,1,4,121,1,1,40.0,0,I,MELB_URBAN,ROAD,5,8.0
190503,1,5,130,5,1,100.0,0,N,RURAL_VICTORIA,HIGHWAY,5,15.0
190504,1,2,130,2,1,40.0,0,I,MELB_URBAN,ROAD,5,16.0
190505,4,5,173,4,3,80.0,0,I,MELB_URBAN,HIGHWAY,4,20.0
190506,4,4,99,2,1,40.0,0,I,MELB_URBAN,ROAD,5,16.0
190507,1,5,130,5,3,100.0,0,N,MELB_URBAN,FREEWAY,5,17.0
190508,1,5,130,5,1,100.0,0,N,MELB_URBAN,FREEWAY,5,17.0
190509,2,4,102,1,3,50.0,0,N,MELB_URBAN,STREET,5,18.0
190510,1,5,113,2,3,50.0,0,I,MELB_URBAN,ROAD,5,18.0
190511,4,4,181,5,1,100.0,0,N,RURAL_VICTORIA,ROAD,5,14.0
190512,1,4,132,2,3,60.0,0,I,MELB_URBAN,OTHER,5,18.0
190513,1,5,110,1,5,80.0,0,I,RURAL_VICTORIA,OTHER,5,18.0
190514,1,5,121,1,3,80.0,0,I,MELB_URBAN,HIGHWAY,5,20.0
190515,1,4,99,4,3,60.0,0,I,MELB_URBAN,RAMP,5,18.0
190516,1,5,121,1,3,70.0,0,I,MELB_URBAN,ROAD,5,21.0
190517,1,4,147,5,3,60.0,0,N,MELB_URBAN,ROAD,5,17.0
190518,1,6,130,5,5,110.0,0,N,SMALL_CITIES,FREEWAY,4,1.0
190519,2,5,102,2,3,50.0,0,N,MELB_URBAN,DRIVE,5,20.0
190520,1,5,121,2,3,60.0,0,I,MELB_URBAN,STREET,5,19.0
190521,5,0,99,2,1,60.0,0,I,RURAL_VICTORIA,ROAD,3,9.0
190522,4,6,183,1,3,70.0,0,N,MELB_URBAN,ROAD,5,2.0
190523,1,6,120,5,3,80.0,0,N,MELB_URBAN,UNKNOWN,5,2.0
190524,1,4,121,4,1,60.0,0,I,MELB_URBAN,OTHER,5,7.0
190525,1,3,130,5,1,70.0,0,N,MELB_URBAN,ROAD,4,10.0
190526,1,3,116,1,1,80.0,0,I,MELB_URBAN,ROAD,3,17.0
190527,4,2,181,5,1,80.0,0,N,RURAL_VICTORIA,ROAD,2,9.0
190528,1,6,113,2,1,80.0,0,I,MELB_URBAN,ROAD,5,7.0
190529,4,5,181,5,1,100.0,0,N,RURAL_VICTORIA,HIGHWAY,5,13.0
190530,1,5,130,5,1,60.0,0,N,RURAL_VICTORIA,ROAD,5,8.0
190531,6,2,174,5,1,50.0,0,N,MELB_URBAN,ROAD,5,7.0
190532,1,5,147,5,1,60.0,0,N,SMALL_CITIES,ROAD,5,9.0
190533,2,5,100,5,3,50.0,0,N,MELB_URBAN,BOULEVARD,5,6.0
190534,1,6,130,5,1,100.0,0,N,MELB_URBAN,RAMP,5,9.0
190535,1,6,130,5,1,70.0,0,N,MELB_URBAN,ROAD,5,7.0
190536,2,5,99,5,1,60.0,0,N,MELB_URBAN,ROAD,5,9.0
190537,1,6,110,1,1,50.0,0,I,MELB_URBAN,STREET,5,8.0
190538,1,6,99,5,2,100.0,0,N,RURAL_VICTORIA,FREEWAY,5,7.0
190539,3,4,167,5,5,80.0,0,N,RURAL_VICTORIA,ROAD,5,18.0
190540,8,6,174,5,1,60.0,0,N,MELB_URBAN,STREET,5,14.0
190541,1,5,130,1,1,80.0,0,I,RURAL_VICTORIA,ROAD,5,8.0
190542,1,6,99,2,1,60.0,0,I,LARGE_PROVINCIAL_CITIES,AVENUE,5,8.0
190543,1,3,120,5,5,100.0,0,N,RURAL_VICTORIA,ROAD,5,18.0
190544,1,6,121,1,1,40.0,0,I,LARGE_PROVINCIAL_CITIES,ROAD,5,8.0
190545,1,3,160,5,1,50.0,0,N,MELB_URBAN,DRIVE,5,13.0
190546,1,6,110,1,1,70.0,0,I,MELB_URBAN,DRIVE,5,13.0
190547,9,4,99,5,1,60.0,0,N,MELB_URBAN,OTHER,4,8.0
190548,2,4,100,1,2,50.0,0,I,MELB_URBAN,STREET,5,18.0
190549,1,5,110,1,1,60.0,0,I,SMALL_CITIES,STREET,5,10.0
190550,1,6,133,1,1,80.0,0,N,MELB_URBAN,ROAD,5,12.0
190551,1,2,130,2,9,60.0,0,I,MELB_URBAN,ROAD,4,18.0
190552,1,4,140,5,1,80.0,0,N,RURAL_VICTORIA,ROAD,5,10.0
190553,1,6,121,1,1,40.0,0,I,MELB_URBAN,STREET,5,14.0
190554,1,4,99,2,6,60.0,0,I,MELB_URBAN,ROAD,5,18.0
190555,1,6,110,1,1,50.0,0,I,MELB_URBAN,STREET,5,15.0
190556,1,6,113,1,1,60.0,0,I,MELB_URBAN,ROAD,5,14.0
190557,1,5,132,5,1,70.0,0,N,SMALL_CITIES,ROAD,5,13.0
190558,1,5,160,5,1,80.0,0,N,TOWNS,ROAD,5,14.0
190559,1,1,116,1,6,60.0,0,I,MELB_URBAN,STREET,3,20.0
190560,1,5,116,1,9,60.0,0,I,MELB_URBAN,BOULEVARD,5,18.0
190561,1,5,121,5,3,80.0,0,N,MELB_URBAN,FREEWAY,5,18.0
190562,2,7,100,5,3,50.0,0,N,MELB_URBAN,AVENUE,5,17.0
190563,1,4,130,2,1,60.0,0,N,LARGE_PROVINCIAL_CITIES,STREET,4,13.0
190564,1,5,99,1,3,40.0,0,I,SMALL_CITIES,STREET,5,18.0
190565,1,6,121,1,3,60.0,0,I,MELB_URBAN,STREET,5,17.0
190566,1,6,135,5,3,100.0,0,N,MELB_URBAN,FREEWAY,5,18.0
190567,2,6,102,5,1,60.0,0,N,MELB_URBAN,ROAD,5,16.0
190568,1,6,99,2,3,70.0,0,I,MELB_URBAN,ROAD,5,18.0
190569,1,6,130,5,1,100.0,0,N,MELB_URBAN,FREEWAY,5,16.0
190570,1,5,130,5,6,80.0,0,N,MELB_URBAN,ROAD,5,19.0
190571,1,6,110,1,3,60.0,0,I,SMALL_CITIES,PARADE,5,21.0
190572,1,6,121,1,3,60.0,0,I,MELB_URBAN,RAMP,5,20.0
190573,1,6,110,1,3,60.0,0,I,MELB_URBAN,AVENUE,5,18.0
190574,4,6,181,5,5,80.0,0,N,RURAL_VICTORIA,ROAD,5,6.0
190575,1,5,110,1,2,80.0,0,I,RURAL_VICTORIA,ROAD,5,17.0
190576,1,6,121,1,3,50.0,0,I,MELB_URBAN,ROAD,5,22.0
190577,1,6,135,5,3,40.0,0,N,MELB_URBAN,FREEWAY,5,21.0
190578,4,5,171,5,1,50.0,0,N,MELB_URBAN,STREET,5,17.0
190579,1,6,99,2,3,70.0,0,N,MELB_URBAN,ROAD,4,21.0
190580,4,7,171,5,3,60.0,0,N,MELB_URBAN,ROAD,5,3.0
190581,2,5,100,2,1,60.0,0,N,MELB_URBAN,ROAD,5,12.0
190582,1,5,120,5,1,100.0,0,N,RURAL_VICTORIA,HIGHWAY,5,14.0
190583,1,5,111,1,1,60.0,0,I,MELB_URBAN,ROAD,4,12.0
190584,1,4,120,5,2,80.0,0,N,RURAL_VICTORIA,ROAD,4,16.0
190585,6,7,174,1,1,60.0,0,N,SMALL_CITIES,STREET,5,9.0
190586,1,6,130,2,1,60.0,0,I,LARGE_PROVINCIAL_CITIES,AVENUE,5,9.0
190587,2,7,102,5,1,60.0,0,N,MELB_URBAN,ROAD,5,9.0
190588,1,0,121,5,1,60.0,0,N,MELB_URBAN,ROAD,5,16.0
190589,2,6,99,5,1,40.0,0,N,TOWNS,STREET,5,11.0
190590,1,7,110,1,1,70.0,0,I,MELB_URBAN,ROAD,5,11.0
190591,1,4,130,5,2,80.0,0,N,MELB_URBAN,FREEWAY,5,6.0
190592,1,6,121,1,1,40.0,0,N,MELB_URBAN,STREET,5,15.0
190593,1,6,99,5,1,80.0,0,N,RURAL_VICTORIA,ROAD,5,12.0
190594,1,7,99,4,1,70.0,0,N,SMALL_TOWNS,ROAD,5,9.0
190595,1,3,130,2,1,60.0,0,N,MELB_URBAN,ROAD,4,15.0
190596,1,7,130,5,1,60.0,0,N,MELB_URBAN,ROAD,5,12.0
190597,6,6,184,5,1,60.0,0,N,RURAL_VICTORIA,ROAD,5,13.0
190598,1,2,99,5,1,50.0,0,N,MELB_URBAN,STREET,5,7.0
190599,4,6,171,5,1,60.0,0,N,RURAL_VICTORIA,ROAD,5,12.0
190600,3,6,167,5,5,80.0,0,N,LARGE_PROVINCIAL_CITIES,STREET,1,4.0
190601,1,6,99,5,1,60.0,0,N,MELB_URBAN,ROAD,5,13.0
190602,1,7,132,2,1,60.0,0,I,MELB_URBAN,ROAD,5,8.0
190603,1,6,134,5,1,100.0,0,N,MELB_URBAN,ROAD,5,11.0
190604,1,6,140,5,1,50.0,0,N,LARGE_PROVINCIAL_CITIES,STREET,5,11.0
190605,1,7,110,1,1,60.0,0,I,TOWNS,STREET,5,10.0
190606,1,7,121,2,1,60.0,0,I,MELB_URBAN,HIGHWAY,5,15.0
190607,4,6,171,5,1,50.0,0,N,MELB_URBAN,DRIVE,5,17.0
190608,2,7,100,2,1,50.0,0,I,MELB_URBAN,OTHER,5,11.0
190609,1,7,113,4,1,80.0,0,N,RURAL_VICTORIA,RAMP,5,15.0
190610,1,7,130,5,5,110.0,0,N,RURAL_VICTORIA,FREEWAY,5,6.0
190611,1,7,110,1,2,50.0,0,I,RURAL_VICTORIA,DRIVE,5,16.0
190612,1,4,130,5,1,60.0,0,N,MELB_URBAN,ROAD,5,9.0
190613,1,6,140,2,2,40.0,0,I,MELBOURNE_CBD,OTHER,5,17.0
190614,6,7,99,5,5,100.0,0,N,RURAL_VICTORIA,ROAD,5,18.0
190615,1,2,130,5,1,80.0,0,N,MELB_URBAN,ROAD,3,17.0
190616,6,6,99,5,1,60.0,0,N,RURAL_VICTORIA,ROAD,12,11.0
190617,1,7,130,5,3,60.0,0,N,MELB_URBAN,OTHER,5,21.0
190618,4,7,173,5,3,60.0,0,N,MELB_URBAN,ROAD,5,22.0
190619,1,7,120,5,1,100.0,1,N,RURAL_VICTORIA,ROAD,5,16.0
190620,1,0,130,5,5,110.0,0,N,RURAL_VICTORIA,FREEWAY,5,3.0
190621,7,0,99,5,1,100.0,0,N,RURAL_VICTORIA,ROAD,5,10.0
190622,2,5,99,5,1,40.0,0,N,MELB_URBAN,STREET,5,8.0
190623,1,5,140,1,3,60.0,0,N,MELB_URBAN,STREET,4,19.0
190624,1,1,113,2,1,50.0,0,I,MELB_URBAN,ROAD,5,11.0
190625,1,1,113,2,1,60.0,0,O,MELB_URBAN,UNKNOWN,5,10.0
190626,1,2,130,5,1,60.0,0,N,MELB_URBAN,STREET,5,15.0
190627,1,1,130,5,1,60.0,0,N,SMALL_CITIES,ROAD,5,9.0
190628,1,4,130,1,1,60.0,0,N,LARGE_PROVINCIAL_CITIES,STREET,5,12.0
190629,1,0,120,1,1,60.0,0,I,MELB_URBAN,ROAD,5,11.0
190630,4,0,171,5,5,100.0,0,N,RURAL_VICTORIA,ROAD,5,0.0
190631,4,0,99,5,1,60.0,0,N,MELB_URBAN,OTHER,5,14.0
190632,6,1,99,5,1,100.0,0,N,RURAL_VICTORIA,HIGHWAY,5,10.0
190633,1,0,130,5,1,100.0,0,N,MELB_URBAN,ROAD,5,15.0
190634,1,0,130,5,1,60.0,0,N,RURAL_VICTORIA,ROAD,5,14.0
190635,1,0,99,1,1,40.0,0,I,MELB_URBAN,STREET,5,11.0
190636,1,1,140,1,1,70.0,0,I,MELB_URBAN,ROAD,5,16.0
190637,1,0,130,5,1,100.0,0,N,MELB_URBAN,ROAD,5,15.0
190638,1,3,130,5,9,80.0,0,N,MELB_URBAN,OTHER,2,16.0
190639,1,1,99,3,1,60.0,0,I,MELB_URBAN,OTHER,5,14.0
190640,2,0,102,5,1,60.0,0,N,MELB_URBAN,ROAD,5,16.0
190641,1,1,140,5,1,50.0,0,N,MELB_URBAN,STREET,5,15.0
190642,2,1,100,5,1,30.0,0,N,RURAL_VICTORIA,ROAD,5,16.0
190643,1,1,99,2,2,50.0,0,N,MELB_URBAN,DRIVE,5,18.0
190644,1,1,113,2,3,80.0,0,I,RURAL_VICTORIA,ROAD,5,18.0
190645,1,1,110,1,3,80.0,0,N,MELB_URBAN,ROAD,5,18.0
190646,2,1,100,5,5,80.0,0,N,RURAL_VICTORIA,HIGHWAY,5,18.0
190647,1,1,110,1,3,60.0,0,I,LARGE_PROVINCIAL_CITIES,ROAD,5,19.0
190648,1,1,130,5,3,80.0,0,N,MELB_URBAN,HIGHWAY,5,18.0
190649,2,0,99,5,3,30.0,0,N,MELB_URBAN,STREET,5,20.0
190650,1,1,110,1,5,100.0,1,I,RURAL_VICTORIA,ROAD,5,17.0
190651,1,5,130,5,1,60.0,0,N,MELB_URBAN,FREEWAY,5,9.0
190652,8,2,174,1,3,50.0,0,I,MELB_URBAN,STREET,5,0.0
190653,1,2,121,2,1,60.0,0,I,MELB_URBAN,ROAD,4,9.0
190654,4,6,183,5,3,110.0,0,N,RURAL_VICTORIA,FREEWAY,3,0.0
190655,3,1,167,5,5,80.0,0,N,RURAL_VICTORIA,STREET,5,1.0
190656,4,2,171,5,5,60.0,0,N,MELB_URBAN,ROAD,5,6.0
190657,1,1,130,2,1,60.0,0,I,MELB_URBAN,ROAD,3,15.0
190658,3,1,167,5,5,100.0,0,N,RURAL_VICTORIA,ROAD,5,6.0
190659,1,2,120,2,3,80.0,1,I,MELB_URBAN,ROAD,5,5.0
190660,1,7,130,1,3,40.0,0,I,MELB_URBAN,ROAD,3,20.0
190661,8,1,99,5,1,100.0,0,N,RURAL_VICTORIA,ROAD,5,12.0
190662,8,0,174,5,9,110.0,0,N,RURAL_VICTORIA,FREEWAY,5,14.0
190663,1,2,130,5,1,100.0,0,N,RURAL_VICTORIA,FREEWAY,3,17.0
190664,1,1,110,1,1,100.0,0,I,RURAL_VICTORIA,ROAD,5,7.0
190665,1,3,130,5,2,50.0,0,N,MELB_URBAN,DRIVE,4,18.0
190666,1,3,130,5,1,70.0,0,N,RURAL_VICTORIA,STREET,4,16.0
190667,1,5,133,5,9,60.0,0,N,MELB_URBAN,ROAD,5,12.0
190668,1,6,111,1,3,60.0,0,I,MELB_URBAN,ROAD,5,22.0
190669,4,2,181,5,2,100.0,1,N,RURAL_VICTORIA,ROAD,5,7.0
190670,1,1,133,5,1,80.0,0,N,MELB_URBAN,RAMP,5,14.0
190671,1,2,120,5,1,50.0,0,N,MELB_URBAN,DRIVE,5,8.0
190672,6,1,174,5,1,100.0,0,N,MELB_URBAN,UNKNOWN,5,9.0
190673,1,1,135,2,1,60.0,0,I,MELB_URBAN,ROAD,5,9.0
190674,1,2,130,1,6,60.0,0,I,MELB_URBAN,ROAD,4,6.0
190675,1,3,130,5,1,60.0,0,N,MELB_URBAN,ROAD,4,10.0
190676,1,1,116,2,1,50.0,0,I,RURAL_VICTORIA,STREET,5,12.0
190677,2,2,100,5,1,60.0,1,N,MELB_URBAN,STREET,5,8.0
190678,1,2,160,5,1,60.0,0,N,MELB_URBAN,ROAD,5,11.0
190679,1,1,110,1,1,80.0,0,I,RURAL_VICTORIA,FREEWAY,5,8.0
190680,2,2,99,1,1,40.0,0,N,MELB_URBAN,ROAD,5,14.0
190681,1,1,130,1,1,50.0,0,I,MELB_URBAN,ROAD,5,10.0
190682,1,7,130,5,1,80.0,0,N,MELB_URBAN,HIGHWAY,5,12.0
190683,2,3,100,1,1,40.0,0,N,MELB_URBAN,ROAD,5,11.0
190684,1,1,110,1,1,70.0,0,I,MELB_URBAN,ROAD,5,9.0
190685,8,0,170,5,1,40.0,0,N,TOWNS,HIGHWAY,5,11.0
190686,1,1,99,5,1,60.0,0,N,SMALL_CITIES,STREET,5,15.0
190687,4,1,99,5,1,50.0,0,N,MELB_URBAN,DRIVE,5,15.0
190688,4,1,171,5,1,50.0,0,N,MELB_URBAN,STREET,5,16.0
190689,1,1,121,1,2,60.0,0,I,MELB_URBAN,ROAD,5,17.0
190690,4,2,181,5,1,100.0,0,N,RURAL_VICTORIA,ROAD,5,15.0
190691,6,2,99,5,5,100.0,0,N,RURAL_VICTORIA,HIGHWAY,5,17.0
190692,1,2,130,5,1,60.0,0,N,MELB_URBAN,ROAD,5,16.0
190693,4,1,99,5,3,70.0,0,N,MELB_URBAN,STREET,5,17.0
190694,1,1,99,5,5,50.0,0,N,MELB_URBAN,STREET,5,19.0
190695,1,2,160,5,3,50.0,0,N,MELB_URBAN,OTHER,5,18.0
190696,1,2,121,1,3,80.0,0,I,MELB_URBAN,STREET,5,20.0
190697,2,2,100,1,1,40.0,0,I,MELB_URBAN,STREET,5,14.0
190698,1,1,163,5,3,60.0,0,N,MELB_URBAN,ROAD,5,21.0
190699,2,2,100,5,3,70.0,1,N,MELB_URBAN,ROAD,5,18.0
190700,2,1,99,5,5,110.0,0,N,RURAL_VICTORIA,FREEWAY,5,19.0
190701,1,1,160,5,6,50.0,0,N,MELB_URBAN,DRIVE,5,22.0
190702,4,3,173,5,5,100.0,1,N,RURAL_VICTORIA,ROAD,5,0.0
190703,1,2,99,1,2,60.0,0,O,MELB_URBAN,UNKNOWN,5,6.0
190704,2,7,99,5,3,50.0,0,N,MELB_URBAN,OTHER,5,23.0
190705,1,2,121,2,1,80.0,0,N,SMALL_CITIES,HIGHWAY,5,7.0
190706,1,2,130,2,1,60.0,0,N,MELB_URBAN,ROAD,5,8.0
190707,1,3,99,1,1,60.0,0,I,MELB_URBAN,ROAD,5,8.0
190708,1,3,111,1,1,60.0,0,I,RURAL_VICTORIA,ROAD,5,9.0
190709,1,4,132,2,1,70.0,0,N,MELB_URBAN,ROAD,4,11.0
190710,1,2,133,5,1,80.0,0,N,MELB_URBAN,RAMP,5,8.0
190711,1,2,130,5,1,60.0,0,N,MELB_URBAN,ROAD,5,7.0
190712,1,3,116,2,1,80.0,0,I,MELB_URBAN,ROAD,4,9.0
190713,8,3,170,5,1,60.0,0,N,TOWNS,STREET,5,11.0
190714,4,2,183,5,1,80.0,0,N,RURAL_VICTORIA,ROAD,5,11.0
190715,1,3,130,5,1,100.0,0,N,MELB_URBAN,FREEWAY,5,12.0
190716,1,6,130,5,1,60.0,0,N,LARGE_PROVINCIAL_CITIES,OTHER,5,15.0
190717,1,1,99,1,1,60.0,0,I,MELB_URBAN,STREET,5,10.0
190718,7,5,99,5,1,60.0,0,N,MELB_URBAN,STREET,5,14.0
190719,2,3,100,2,1,60.0,0,I,MELB_URBAN,ROAD,5,8.0
190720,1,2,120,2,1,50.0,0,N,MELB_URBAN,ROAD,5,11.0
190721,1,5,130,5,9,60.0,0,N,MELB_URBAN,FREEWAY,5,7.0
190722,1,2,99,5,1,50.0,0,N,MELB_URBAN,ROAD,5,13.0
190723,1,4,99,1,1,60.0,0,I,MELB_URBAN,STREET,5,15.0
190724,1,2,110,1,9,60.0,0,I,MELB_URBAN,RAMP,5,15.0
190725,1,3,110,1,1,60.0,0,I,MELB_URBAN,ROAD,5,15.0
190726,1,3,130,5,1,60.0,0,N,MELB_URBAN,ROAD,5,15.0
190727,1,2,132,2,1,60.0,0,I,LARGE_PROVINCIAL_CITIES,ROAD,5,16.0
190728,1,3,121,1,1,70.0,0,I,RURAL_VICTORIA,ROAD,5,15.0
190729,1,3,99,1,1,50.0,0,I,LARGE_PROVINCIAL_CITIES,STREET,5,14.0
190730,1,2,110,1,1,60.0,0,I,MELB_URBAN,STREET,5,7.0
190731,1,6,110,1,1,50.0,0,I,MELB_URBAN,ROAD,5,11.0
190732,1,2,120,5,1,80.0,0,N,RURAL_VICTORIA,ROAD,5,16.0
190733,4,2,99,1,3,60.0,0,I,SMALL_CITIES,PARADE,5,18.0
190734,1,5,163,5,1,30.0,0,N,MELB_URBAN,STREET,5,15.0
190735,1,3,121,2,1,70.0,0,N,LARGE_PROVINCIAL_CITIES,OTHER,5,16.0
190736,4,3,99,5,3,50.0,0,N,TOWNS,DRIVE,5,17.0
190737,2,3,102,5,3,50.0,0,N,MELB_URBAN,STREET,5,18.0
190738,1,2,160,5,1,60.0,0,N,MELB_URBAN,ROAD,5,15.0
190739,1,3,130,5,3,100.0,0,N,MELB_URBAN,ROAD,5,17.0
190740,2,4,100,5,3,60.0,0,N,MELB_URBAN,ROAD,4,20.0
190741,1,3,120,5,3,60.0,0,N,MELB_URBAN,ROAD,5,18.0
190742,1,2,99,5,1,60.0,0,N,MELB_URBAN,ROAD,5,16.0
190743,1,0,130,5,9,60.0,0,N,MELB_URBAN,ROAD,5,21.0
190744,1,3,110,1,1,50.0,0,I,MELB_URBAN,AVENUE,5,14.0
190745,1,2,135,5,1,60.0,0,N,MELB_URBAN,PARADE,5,13.0
190746,1,3,121,1,3,60.0,0,O,MELB_URBAN,UNKNOWN,5,21.0
190747,1,3,133,5,2,70.0,0,N,MELB_URBAN,ROAD,5,18.0
190748,4,2,99,5,3,80.0,0,N,MELB_URBAN,UNKNOWN,5,1.0
190749,1,3,130,5,6,40.0,0,N,MELB_URBAN,FREEWAY,5,0.0
190750,1,1,135,5,3,100.0,0,N,MELB_URBAN,FREEWAY,5,18.0
190751,1,4,121,2,1,60.0,0,I,MELB_URBAN,ROAD,5,8.0
190752,4,3,171,1,1,50.0,0,I,MELB_URBAN,AVENUE,5,7.0
190753,1,4,113,1,3,60.0,0,I,MELB_URBAN,HIGHWAY,5,23.0
190754,2,3,99,1,1,40.0,0,I,MELB_URBAN,ROAD,5,9.0
190755,1,1,163,1,2,50.0,0,I,MELB_URBAN,STREET,5,17.0
190756,4,2,173,5,3,80.0,0,N,RURAL_VICTORIA,OTHER,5,20.0
190757,4,4,181,5,1,80.0,0,N,RURAL_VICTORIA,ROAD,5,11.0
190758,1,4,99,2,1,60.0,0,I,MELB_URBAN,ROAD,5,11.0
190759,1,4,130,1,1,80.0,0,N,RURAL_VICTORIA,ROAD,5,10.0
190760,4,4,171,5,1,50.0,0,N,SMALL_CITIES,STREET,5,12.0
190761,1,4,130,5,1,80.0,0,N,MELB_URBAN,ROAD,4,11.0
190762,2,4,100,5,1,60.0,0,N,MELB_URBAN,ROAD,5,12.0
190763,1,4,132,1,1,100.0,0,I,RURAL_VICTORIA,HIGHWAY,5,9.0
190764,1,4,121,2,1,60.0,0,I,MELB_URBAN,STREET,5,12.0
190765,1,3,147,5,1,60.0,0,O,MELB_URBAN,UNKNOWN,5,12.0
190766,1,3,134,5,1,70.0,0,N,MELB_URBAN,ROAD,5,12.0
190767,1,4,147,5,1,80.0,0,N,MELB_URBAN,ROAD,5,11.0
190768,1,4,110,1,1,80.0,0,I,RURAL_VICTORIA,ROAD,5,13.0
190769,3,6,167,2,2,100.0,0,I,RURAL_VICTORIA,ROAD,5,7.0
190770,1,7,130,5,1,60.0,0,N,MELB_URBAN,ROAD,5,13.0
190771,1,2,121,1,1,70.0,0,I,MELB_URBAN,ROAD,5,16.0
190772,5,0,99,5,9,100.0,0,N,RURAL_VICTORIA,HIGHWAY,5,23.0
190773,1,4,120,5,1,70.0,1,N,MELB_URBAN,ROAD,5,13.0
190774,1,3,147,5,1,60.0,0,N,MELB_URBAN,ROAD,5,14.0
190775,2,4,99,5,2,60.0,0,N,MELB_URBAN,OTHER,5,17.0
190776,1,6,147,2,1,60.0,0,I,MELB_URBAN,STREET,5,14.0
190777,2,3,100,5,1,40.0,0,N,MELB_URBAN,OTHER,5,16.0
190778,1,4,99,5,1,40.0,0,N,LARGE_PROVINCIAL_CITIES,ROAD,5,16.0
190779,1,2,99,5,1,60.0,0,N,MELB_URBAN,ROAD,5,14.0
190780,2,3,100,5,2,50.0,0,N,MELBOURNE_CBD,STREET,5,17.0
190781,1,3,99,5,1,100.0,0,N,MELB_URBAN,FREEWAY,5,15.0
190782,6,4,99,5,1,100.0,0,N,RURAL_VICTORIA,ROAD,5,15.0
190783,1,4,132,5,3,60.0,0,N,MELB_URBAN,ROAD,1,21.0
190784,2,3,100,1,3,60.0,0,N,MELB_URBAN,STREET,5,19.0
190785,4,2,171,5,1,80.0,0,N,MELB_URBAN,ROAD,4,7.0
190786,1,5,130,5,1,60.0,0,N,SMALL_TOWNS,ROAD,5,15.0
190787,1,3,130,2,1,70.0,0,I,MELB_URBAN,ROAD,12,13.0
190788,1,5,133,5,1,100.0,0,N,MELB_URBAN,FREEWAY,5,7.0
190789,1,4,110,1,1,40.0,0,N,MELB_URBAN,ROAD,5,8.0
190790,1,4,99,5,1,70.0,0,N,MELB_URBAN,ROAD,5,6.0
190791,2,4,100,2,1,40.0,0,I,MELB_URBAN,STREET,5,8.0
190792,1,6,121,5,1,60.0,0,N,MELB_URBAN,ROAD,5,9.0
190793,3,0,167,5,2,80.0,0,N,RURAL_VICTORIA,ROAD,5,18.0
190794,1,4,134,1,1,60.0,0,I,MELB_URBAN,PARADE,4,9.0
190795,2,5,102,5,1,50.0,0,N,RURAL_VICTORIA,STREET,4,7.0
190796,1,4,110,1,1,60.0,0,I,MELB_URBAN,PARADE,5,8.0
190797,1,3,130,5,1,100.0,0,N,SMALL_TOWNS,FREEWAY,5,8.0
190798,4,5,171,5,1,50.0,0,O,MELB_URBAN,UNKNOWN,5,12.0
190799,1,3,130,5,1,60.0,0,N,MELB_URBAN,STREET,4,16.0
190800,1,3,134,5,1,100.0,0,N,MELB_URBAN,FREEWAY,5,13.0