,accident_type,day_of_week,dca_code,road_geometry,light_condition,speed_zone,severity,node_type,deg_urban_name,road_type,month,hour
190801,1,5,130,5,1,100.0,0,N,MELB_URBAN,FREEWAY,5,7.0
190802,1,5,110,1,1,60.0,0,I,MELB_URBAN,ROAD,5,8.0
190803,1,5,140,5,1,50.0,0,N,SMALL_CITIES,STREET,5,12.0
190804,1,2,99,5,9,60.0,0,I,MELB_URBAN,STREET,5,14.0
190805,1,4,110,1,3,50.0,0,I,MELB_URBAN,AVENUE,5,6.0
190806,1,4,110,1,1,60.0,0,I,MELB_URBAN,STREET,5,13.0
190807,1,4,147,5,1,50.0,0,N,LARGE_PROVINCIAL_CITIES,ROAD,5,8.0
190808,4,3,171,5,3,70.0,0,N,MELB_URBAN,ROAD,4,22.0
190809,1,4,120,5,1,50.0,0,N,MELB_URBAN,AVENUE,5,13.0
190810,1,5,160,5,2,60.0,0,N,MELB_URBAN,ROAD,5,17.0
190811,1,4,130,5,5,100.0,0,N,MELB_URBAN,FREEWAY,5,18.0
190812,3,1,167,5,9,60.0,0,N,RURAL_VICTORIA,ROAD,4,23.0
190813,1,4,135,1,3,60.0,0,I,MELB_URBAN,OTHER,5,3.0
190814,4,4,171,5,2,100.0,0,N,MELB_URBAN,FREEWAY,5,4.0
190815,1,4,130,2,4,70.0,0,I,MELB_URBAN,ROAD,4,18.0
190816,1,3,130,5,3,60.0,0,N,MELB_URBAN,STREET,4,19.0
190817,1,4,111,1,1,80.0,0,N,MELB_URBAN,ROAD,5,15.0
190818,1,5,130,2,1,80.0,0,N,MELB_URBAN,ROAD,5,13.0
190819,8,6,174,5,1,60.0,0,N,MELB_URBAN,ROAD,4,11.0
190820,1,2,135,5,1,60.0,0,N,MELB_URBAN,ROAD,5,15.0
190821,2,4,100,1,3,60.0,0,N,MELB_URBAN,STREET,5,18.0
190822,2,4,99,2,3,50.0,0,N,MELB_URBAN,AVENUE,5,17.0
190823,3,5,167,5,1,60.0,0,N,RURAL_VICTORIA,ROAD,5,14.0
190824,2,5,100,1,1,60.0,0,O,MELB_URBAN,UNKNOWN,5,15.0
190825,1,5,120,5,5,70.0,1,N,MELB_URBAN,ROAD,5,18.0
190826,4,4,181,5,1,70.0,0,N,RURAL_VICTORIA,ROAD,5,13.0
190827,4,5,173,5,3,60.0,0,N,MELB_URBAN,ROAD,5,17.0
190828,1,5,147,5,1,60.0,0,N,MELB_URBAN,ROAD,5,16.0
190829,2,4,100,2,9,60.0,0,I,MELB_URBAN,ROAD,4,11.0
190830,2,5,102,5,5,60.0,1,N,MELB_URBAN,ROAD,5,19.0
190831,4,4,183,1,3,60.0,0,I,MELB_URBAN,RAMP,5,22.0
190832,2,4,100,2,1,60.0,0,I,MELB_URBAN,AVENUE,5,11.0
190833,1,6,120,5,5,40.0,0,N,RURAL_VICTORIA,ROAD,5,0.0
190834,1,2,130,5,9,60.0,0,N,MELB_URBAN,ROAD,5,23.0
190835,2,3,99,5,3,60.0,0,N,MELB_URBAN,ROAD,5,17.0
190836,1,5,113,1,1,40.0,0,I,MELBOURNE_CBD,STREET,5,7.0
190837,1,5,113,2,1,60.0,0,I,MELB_URBAN,ROAD,5,7.0
190838,3,6,167,5,2,100.0,0,N,RURAL_VICTORIA,HIGHWAY,5,17.0
190839,6,6,99,2,2,60.0,0,I,SMALL_CITIES,STREET,5,7.0
190840,2,5,99,5,1,60.0,0,N,LARGE_PROVINCIAL_CITIES,OTHER,5,6.0
190841,8,1,174,1,1,50.0,0,I,MELB_URBAN,ROAD,5,13.0
190842,1,5,113,2,1,100.0,0,I,RURAL_VICTORIA,FREEWAY,4,16.0
190843,2,5,99,5,1,40.0,0,N,MELB_URBAN,OTHER,5,8.0
190844,1,6,130,5,2,50.0,0,N,MELB_URBAN,STREET,5,6.0
190845,1,5,130,5,6,60.0,0,N,MELB_URBAN,ROAD,5,18.0
190846,1,3,110,1,1,50.0,0,I,MELB_URBAN,STREET,4,15.0
190847,1,5,111,1,1,50.0,0,I,MELB_URBAN,STREET,5,8.0
190848,2,7,99,5,6,50.0,0,N,TOWNS,STREET,2,1.0
190849,4,5,173,5,1,60.0,0,N,LARGE_PROVINCIAL_CITIES,ROAD,5,13.0
190850,1,5,160,5,1,50.0,0,N,MELB_URBAN,DRIVE,5,14.0
190851,2,6,100,2,1,40.0,0,I,TOWNS,AVENUE,5,9.0
190852,1,5,130,5,1,60.0,0,N,LARGE_PROVINCIAL_CITIES,STREET,5,15.0
190853,1,3,130,2,9,60.0,0,I,MELB_URBAN,ROAD,5,15.0
190854,1,5,110,1,1,50.0,0,I,SMALL_CITIES,STREET,5,15.0
190855,1,4,130,5,1,60.0,0,N,MELB_URBAN,ROAD,5,11.0
190856,2,5,100,2,1,50.0,0,I,MELB_URBAN,AVENUE,5,15.0
190857,1,5,130,5,1,80.0,0,N,MELB_URBAN,FREEWAY,5,14.0
190858,1,5,130,5,1,100.0,0,N,MELB_URBAN,FREEWAY,5,14.0
190859,4,4,171,5,1,60.0,0,N,RURAL_VICTORIA,ROAD,5,15.0
190860,1,5,140,5,1,60.0,0,N,LARGE_PROVINCIAL_CITIES,ROAD,5,16.0
190861,1,5,147,5,1,60.0,0,N,LARGE_PROVINCIAL_CITIES,ROAD,5,16.0
190862,2,5,99,5,3,60.0,0,N,SMALL_CITIES,UNKNOWN,5,18.0
190863,1,5,110,1,3,40.0,0,I,SMALL_CITIES,STREET,5,18.0
190864,2,5,102,2,3,60.0,0,N,MELB_URBAN,STREET,5,18.0
190865,8,5,99,5,9,60.0,0,N,RURAL_VICTORIA,ROAD,4,19.0
190866,1,4,130,1,1,70.0,0,N,RURAL_VICTORIA,HIGHWAY,5,16.0
190867,1,5,110,1,1,80.0,0,I,MELB_URBAN,HIGHWAY,5,16.0
190868,1,5,120,2,3,50.0,0,N,MELB_URBAN,ROAD,5,18.0
190869,1,5,121,1,3,60.0,0,I,MELB_URBAN,OTHER,5,17.0
190870,3,5,167,5,5,100.0,0,N,RURAL_VICTORIA,HIGHWAY,5,21.0
190871,4,5,171,5,5,80.0,0,N,RURAL_VICTORIA,ROAD,5,21.0
190872,4,5,171,5,5,100.0,0,N,RURAL_VICTORIA,ROAD,5,21.0
190873,1,6,110,1,3,50.0,0,I,SMALL_CITIES,STREET,5,23.0
190874,4,6,171,5,5,50.0,0,N,RURAL_VICTORIA,OTHER,5,22.0
190875,4,6,171,5,3,60.0,0,N,MELB_URBAN,ROAD,5,23.0
190876,2,7,102,1,1,40.0,0,I,MELB_URBAN,STREET,5,7.0
190877,4,6,171,5,1,60.0,0,N,MELB_URBAN,ROAD,5,7.0
190878,1,3,134,5,1,60.0,0,N,MELB_URBAN,FREEWAY,5,14.0
190879,6,6,99,5,1,60.0,0,N,RURAL_VICTORIA,ROAD,5,9.0
190880,1,2,99,2,1,60.0,0,I,LARGE_PROVINCIAL_CITIES,RAMP,5,17.0
190881,1,5,130,2,1,60.0,0,I,MELB_URBAN,ROAD,5,13.0
190882,1,6,160,5,1,60.0,0,N,SMALL_CITIES,ROAD,5,7.0
190883,4,6,183,5,1,100.0,0,N,RURAL_VICTORIA,ROAD,5,8.0
190884,1,5,99,1,1,60.0,0,I,MELB_URBAN,ROAD,5,16.0
190885,1,6,110,1,1,80.0,0,I,MELB_URBAN,HIGHWAY,5,8.0
190886,6,6,184,5,1,80.0,0,N,RURAL_VICTORIA,ROAD,5,11.0
190887,1,6,133,2,1,40.0,0,N,LARGE_PROVINCIAL_CITIES,STREET,5,12.0
190888,1,7,99,1,1,40.0,0,I,MELB_URBAN,BOULEVARD,5,11.0
190889,1,4,113,2,1,60.0,0,I,MELB_URBAN,ROAD,1,9.0
190890,1,3,111,1,9,50.0,0,I,TOWNS,STREET,4,18.0
190891,1,7,130,5,1,50.0,0,N,MELB_URBAN,AVENUE,5,12.0
190892,1,3,130,5,1,60.0,0,N,MELB_URBAN,STREET,5,17.0
190893,1,5,130,1,1,60.0,0,I,MELB_URBAN,ROAD,5,14.0
190894,1,6,99,5,1,60.0,0,N,MELB_URBAN,ROAD,5,12.0
190895,4,6,171,5,1,100.0,0,N,MELB_URBAN,UNKNOWN,5,7.0
190896,1,6,130,5,1,80.0,0,N,MELB_URBAN,HIGHWAY,5,10.0
190897,4,6,99,2,1,50.0,0,I,MELB_URBAN,OTHER,5,12.0
190898,1,5,121,2,3,60.0,0,I,MELB_URBAN,ROAD,5,22.0
190899,1,5,130,1,6,60.0,0,N,MELB_URBAN,ROAD,5,19.0
190900,1,6,99,5,1,80.0,0,N,MELB_URBAN,HIGHWAY,5,15.0
190901,1,2,160,5,1,60.0,0,N,SMALL_CITIES,ROAD,5,12.0
190902,1,6,99,5,1,40.0,0,N,MELB_URBAN,OTHER,5,13.0
190903,8,2,174,2,1,60.0,0,N,MELB_URBAN,ROAD,4,10.0
190904,1,6,130,5,1,80.0,0,N,MELB_URBAN,RAMP,5,15.0
190905,4,6,171,5,1,100.0,0,N,RURAL_VICTORIA,OTHER,5,13.0
190906,2,7,102,5,2,40.0,0,N,MELB_URBAN,DRIVE,5,17.0
190907,1,6,130,5,3,40.0,0,N,MELB_URBAN,STREET,5,17.0
190908,4,6,173,5,1,80.0,0,N,RURAL_VICTORIA,ROAD,5,15.0
190909,1,6,110,1,3,50.0,0,I,MELB_URBAN,STREET,5,17.0
190910,1,6,140,2,3,80.0,0,I,MELB_URBAN,HIGHWAY,5,18.0
190911,8,6,99,5,3,40.0,0,N,MELB_URBAN,STREET,5,17.0
190912,1,6,130,5,3,80.0,0,N,MELB_URBAN,RAMP,5,19.0
190913,4,6,171,5,2,80.0,0,N,MELB_URBAN,HIGHWAY,5,17.0
190914,1,6,120,5,5,80.0,0,N,RURAL_VICTORIA,ROAD,5,19.0
190915,4,1,171,5,1,110.0,0,N,RURAL_VICTORIA,FREEWAY,5,7.0
190916,4,6,171,5,3,60.0,0,N,MELB_URBAN,HIGHWAY,5,21.0
190917,4,6,173,5,3,60.0,0,N,RURAL_VICTORIA,ROAD,5,2.0
190918,1,6,99,5,3,60.0,0,N,MELB_URBAN,ROAD,5,23.0
190919,1,1,110,1,3,80.0,1,I,RURAL_VICTORIA,ROAD,5,1.0
190920,4,0,171,2,3,50.0,0,I,MELB_URBAN,BOULEVARD,5,5.0
190921,1,6,132,1,3,50.0,0,I,MELB_URBAN,ROAD,5,19.0
190922,1,0,130,1,1,80.0,0,I,MELB_URBAN,ROAD,5,9.0
190923,4,7,173,2,1,60.0,0,I,SMALL_CITIES,ROAD,5,16.0
190924,4,1,173,5,2,100.0,1,N,RURAL_VICTORIA,ROAD,5,5.0
190925,1,1,99,2,1,40.0,0,N,MELB_URBAN,ROAD,5,12.0
190926,1,0,110,1,1,50.0,0,I,LARGE_PROVINCIAL_CITIES,STREET,5,12.0
190927,1,4,130,5,1,60.0,0,N,RURAL_VICTORIA,ROAD,4,16.0
190928,4,0,99,5,1,50.0,0,N,TOWNS,STREET,5,15.0
190929,6,6,174,5,1,60.0,0,N,RURAL_VICTORIA,DRIVE,5,14.0
190930,1,6,120,5,5,70.0,0,N,MELB_URBAN,ROAD,5,18.0
190931,1,5,130,5,9,60.0,0,N,MELB_URBAN,ROAD,5,16.0
190932,4,1,171,5,1,100.0,0,N,RURAL_VICTORIA,ROAD,5,17.0
190933,1,0,134,5,1,100.0,0,N,RURAL_VICTORIA,FREEWAY,5,16.0
190934,1,5,99,1,1,40.0,0,N,MELBOURNE_CBD,STREET,5,9.0
190935,1,0,99,2,3,60.0,0,N,RURAL_VICTORIA,STREET,5,19.0
190936,1,1,113,2,2,80.0,0,I,MELB_URBAN,ROAD,5,17.0
190937,1,0,110,1,6,60.0,0,I,MELB_URBAN,ROAD,5,20.0
190938,1,1,110,1,3,40.0,0,I,MELB_URBAN,STREET,5,21.0
190939,1,1,132,5,5,100.0,0,N,RURAL_VICTORIA,ROAD,5,6.0
190940,4,1,171,5,5,100.0,0,N,RURAL_VICTORIA,ROAD,5,20.0
190941,1,2,130,5,3,60.0,0,N,MELB_URBAN,ROAD,1,21.0
190942,1,1,121,1,1,60.0,0,I,MELB_URBAN,ROAD,5,15.0
190943,4,1,181,5,1,80.0,0,N,MELB_URBAN,ROAD,5,7.0
190944,1,1,113,2,1,70.0,0,I,RURAL_VICTORIA,HIGHWAY,5,9.0
190945,1,2,120,5,1,50.0,0,N,MELB_URBAN,DRIVE,5,8.0
190946,2,5,100,5,1,40.0,0,N,SMALL_CITIES,STREET,5,8.0
190947,1,4,130,5,9,100.0,0,N,MELB_URBAN,FREEWAY,5,14.0
190948,1,1,113,2,1,60.0,0,I,SMALL_CITIES,ROAD,5,8.0
190949,1,4,130,1,1,60.0,0,I,MELB_URBAN,ROAD,10,17.0
190950,1,2,133,2,1,60.0,0,N,MELB_URBAN,ROAD,12,18.0
190951,1,3,160,5,1,50.0,0,N,SMALL_CITIES,STREET,5,8.0
190952,1,1,121,1,1,50.0,0,I,MELB_URBAN,PARADE,5,9.0
190953,1,4,130,5,1,50.0,0,N,MELB_URBAN,RAMP,5,8.0
190954,1,2,130,1,1,60.0,0,N,MELB_URBAN,ROAD,5,12.0
190955,1,1,110,1,1,40.0,0,I,MELB_URBAN,STREET,5,12.0
190956,1,0,99,5,9,60.0,0,N,MELB_URBAN,BOULEVARD,5,13.0
190957,8,6,174,5,1,60.0,0,N,RURAL_VICTORIA,OTHER,5,13.0
190958,1,0,99,5,1,50.0,0,N,MELB_URBAN,STREET,4,13.0
190959,2,1,99,5,1,50.0,0,N,TOWNS,STREET,5,15.0
190960,4,1,99,2,1,80.0,0,N,RURAL_VICTORIA,ROAD,5,10.0
190961,1,1,160,5,1,60.0,0,N,MELB_URBAN,ROAD,5,8.0
190962,4,2,171,5,1,60.0,0,N,RURAL_VICTORIA,STREET,5,15.0
190963,1,1,121,1,3,40.0,0,I,MELB_URBAN,BOULEVARD,5,17.0
190964,1,1,120,2,1,60.0,0,I,MELB_URBAN,ROAD,5,16.0
190965,2,1,100,1,1,50.0,0,I,MELB_URBAN,STREET,5,15.0
190966,4,2,173,5,5,100.0,0,N,RURAL_VICTORIA,ROAD,5,18.0
190967,1,1,110,1,3,50.0,0,I,LARGE_PROVINCIAL_CITIES,STREET,5,19.0
190968,1,1,99,5,3,50.0,0,N,MELB_URBAN,OTHER,5,18.0
190969,8,2,174,2,1,50.0,0,I,MELB_URBAN,STREET,5,8.0
190970,1,7,121,1,3,70.0,0,N,MELB_URBAN,STREET,4,22.0
190971,1,2,121,2,1,40.0,0,I,MELB_URBAN,STREET,5,8.0
190972,2,3,100,1,1,60.0,0,I,MELB_URBAN,STREET,5,7.0
190973,1,2,110,1,1,60.0,0,I,MELB_URBAN,ROAD,5,8.0
190974,8,6,170,5,1,100.0,0,N,RURAL_VICTORIA,ROAD,5,11.0
190975,1,2,130,5,1,70.0,0,N,LARGE_PROVINCIAL_CITIES,STREET,5,8.0
190976,2,2,102,2,9,60.0,0,I,MELB_URBAN,ROAD,5,8.0
190977,1,2,99,2,1,80.0,0,I,MELB_URBAN,ROAD,5,11.0
190978,2,6,99,5,1,60.0,0,N,MELB_URBAN,AVENUE,5,11.0
190979,2,2,102,1,1,60.0,0,I,MELB_URBAN,STREET,5,10.0
190980,1,2,99,1,1,40.0,0,I,MELBOURNE_CBD,STREET,5,13.0
190981,5,6,99,5,1,60.0,0,N,MELB_URBAN,UNKNOWN,5,16.0
190982,1,4,110,1,3,60.0,0,I,MELB_URBAN,ROAD,4,18.0
190983,3,2,167,5,1,60.0,0,N,RURAL_VICTORIA,ROAD,5,8.0
190984,3,3,167,5,1,100.0,0,N,RURAL_VICTORIA,ROAD,5,14.0
190985,2,3,99,5,1,60.0,1,N,TOWNS,AVENUE,5,9.0
190986,1,2,116,1,1,70.0,0,N,MELB_URBAN,STREET,5,16.0
190987,1,2,121,1,1,60.0,0,I,MELB_URBAN,ROAD,5,16.0
190988,1,1,121,1,1,50.0,0,I,MELB_URBAN,STREET,5,15.0
190989,2,1,100,1,1,60.0,0,I,SMALL_CITIES,ROAD,4,12.0
190990,4,3,183,5,1,110.0,0,N,RURAL_VICTORIA,FREEWAY,5,15.0
190991,1,2,113,2,1,60.0,0,I,MELB_URBAN,BOULEVARD,5,15.0
190992,2,2,102,5,1,60.0,0,N,SMALL_CITIES,ROAD,5,16.0
190993,1,2,110,1,3,50.0,0,I,MELB_URBAN,STREET,5,17.0
190994,2,3,99,5,3,60.0,0,N,MELB_URBAN,ROAD,5,17.0
190995,1,1,121,1,2,60.0,0,I,RURAL_VICTORIA,BOULEVARD,4,5.0
190996,1,3,113,2,3,50.0,0,I,MELB_URBAN,ROAD,5,19.0
190997,1,2,147,5,1,60.0,0,N,MELB_URBAN,ROAD,5,16.0
190998,1,2,147,5,3,80.0,0,N,MELB_URBAN,HIGHWAY,5,19.0
190999,1,3,134,5,3,100.0,0,N,MELB_URBAN,FREEWAY,5,19.0
191000,1,2,163,5,1,50.0,0,N,MELB_URBAN,STREET,5,17.0
191001,1,0,121,1,9,70.0,0,I,MELB_URBAN,ROAD,5,6.0
191002,2,2,100,5,6,50.0,0,N,SMALL_CITIES,STREET,5,21.0
191003,1,3,160,5,3,60.0,0,N,MELB_URBAN,ROAD,5,2.0
191004,1,3,110,1,3,50.0,0,I,SMALL_CITIES,STREET,5,23.0
191005,4,4,173,2,3,60.0,0,N,MELB_URBAN,HIGHWAY,5,2.0
191006,1,3,133,5,3,70.0,0,N,MELB_URBAN,ROAD,5,5.0
191007,1,3,110,1,1,50.0,0,I,MELB_URBAN,STREET,5,7.0
191008,1,4,121,1,3,60.0,0,I,MELB_URBAN,STREET,5,21.0
191009,1,3,113,2,1,40.0,0,I,MELB_URBAN,STREET,5,8.0
191010,6,3,184,5,1,100.0,0,N,RURAL_VICTORIA,FREEWAY,5,7.0
191011,6,5,174,5,1,60.0,0,N,RURAL_VICTORIA,ROAD,5,12.0
191012,1,4,130,5,1,100.0,0,N,MELB_URBAN,FREEWAY,5,9.0
191013,1,3,99,5,1,50.0,0,N,MELB_URBAN,STREET,5,8.0
191014,4,4,183,2,1,60.0,0,N,MELB_URBAN,ROAD,5,7.0
191015,1,2,121,1,1,60.0,0,I,LARGE_PROVINCIAL_CITIES,STREET,2,17.0
191016,6,7,99,2,1,60.0,0,I,MELB_URBAN,BOULEVARD,5,15.0
191017,1,3,121,1,2,60.0,0,I,MELB_URBAN,ROAD,5,6.0
191018,1,0,130,5,1,60.0,0,N,RURAL_VICTORIA,ROAD,5,12.0
191019,6,3,174,2,1,60.0,0,N,RURAL_VICTORIA,ROAD,5,11.0
191020,1,5,110,1,2,60.0,0,I,SMALL_CITIES,AVENUE,4,17.0
191021,1,4,116,1,1,40.0,0,I,MELB_URBAN,STREET,5,13.0
191022,1,2,133,5,9,60.0,0,N,MELBOURNE_CBD,STREET,5,8.0
191023,1,3,110,1,1,80.0,0,I,RURAL_VICTORIA,ROAD,5,12.0
191024,5,3,99,5,1,60.0,0,N,MELB_URBAN,ROAD,5,9.0
191025,1,2,160,2,1,50.0,0,N,MELB_URBAN,DRIVE,5,16.0
191026,2,6,99,1,9,50.0,0,I,MELB_URBAN,STREET,4,11.0
191027,1,6,130,5,3,50.0,0,N,MELB_URBAN,ROAD,3,7.0
191028,1,3,160,5,1,40.0,0,N,LARGE_PROVINCIAL_CITIES,STREET,5,15.0
191029,1,3,110,1,1,60.0,0,I,MELB_URBAN,ROAD,5,14.0
191030,1,6,130,5,1,100.0,0,N,MELB_URBAN,FREEWAY,5,18.0
191031,1,4,130,5,1,40.0,0,N,SMALL_TOWNS,ROAD,5,14.0
191032,1,4,113,1,1,80.0,0,I,MELB_URBAN,HIGHWAY,5,12.0
191033,1,4,113,2,1,60.0,0,I,LARGE_PROVINCIAL_CITIES,PARADE,5,14.0
191034,4,0,171,5,5,60.0,0,N,RURAL_VICTORIA,ROAD,3,2.0
191035,1,3,130,2,1,40.0,0,I,MELB_URBAN,DRIVE,5,8.0
191036,8,7,99,2,3,60.0,0,I,MELB_URBAN,ROAD,5,19.0
191037,4,2,183,5,1,70.0,0,N,SMALL_CITIES,ROAD,4,10.0
191038,4,4,173,1,2,80.0,0,I,MELB_URBAN,STREET,5,17.0
191039,1,4,110,1,1,60.0,0,I,MELB_URBAN,STREET,5,13.0
191040,2,3,100,1,3,50.0,0,I,MELB_URBAN,STREET,5,17.0
191041,1,3,99,2,1,50.0,0,I,MELB_URBAN,ROAD,5,16.0
191042,4,4,171,2,6,50.0,0,I,RURAL_VICTORIA,ROAD,5,19.0
191043,3,5,167,5,5,80.0,0,N,RURAL_VICTORIA,ROAD,4,21.0
191044,1,4,130,5,5,80.0,0,N,MELB_URBAN,RAMP,5,18.0
191045,4,4,171,5,1,60.0,0,N,MELB_URBAN,ROAD,5,14.0
191046,1,4,130,5,5,100.0,0,N,MELB_URBAN,ROAD,5,19.0
191047,2,4,100,1,3,50.0,0,I,SMALL_TOWNS,ROAD,5,17.0
191048,1,3,120,5,5,80.0,0,N,RURAL_VICTORIA,ROAD,5,19.0
191049,1,4,130,5,2,100.0,0,N,MELB_URBAN,FREEWAY,5,16.0
191050,2,3,100,1,1,40.0,0,I,MELB_URBAN,STREET,5,15.0
191051,1,4,110,1,1,40.0,0,I,LARGE_PROVINCIAL_CITIES,STREET,5,7.0
191052,4,5,99,5,2,100.0,0,N,RURAL_VICTORIA,HIGHWAY,5,6.0
191053,1,5,99,5,1,50.0,0,N,MELB_URBAN,ROAD,5,7.0
191054,6,0,170,5,1,100.0,0,N,RURAL_VICTORIA,ROAD,5,11.0
191055,2,5,100,2,1,50.0,0,N,MELB_URBAN,STREET,5,9.0
191056,6,7,99,5,1,60.0,0,N,RURAL_VICTORIA,ROAD,5,12.0
191057,1,4,130,5,2,60.0,0,N,MELB_URBAN,ROAD,5,6.0
191058,4,7,171,5,1,100.0,0,N,RURAL_VICTORIA,ROAD,5,9.0
191059,1,4,130,5,1,40.0,0,N,MELB_URBAN,STREET,5,8.0
191060,1,2,135,5,1,50.0,0,N,MELB_URBAN,UNKNOWN,5,15.0
191061,1,5,130,5,5,70.0,0,N,SMALL_CITIES,DRIVE,5,19.0
191062,2,4,99,1,1,40.0,0,I,MELB_URBAN,STREET,5,12.0
191063,1,5,121,2,1,80.0,0,I,MELB_URBAN,ROAD,5,12.0
191064,1,1,132,1,1,70.0,0,N,SMALL_TOWNS,PARADE,5,14.0
191065,1,3,110,1,1,60.0,0,N,MELB_URBAN,STREET,5,13.0
191066,1,4,99,5,1,100.0,0,N,RURAL_VICTORIA,ROAD,5,15.0
191067,4,4,173,5,1,80.0,0,N,TOWNS,STREET,5,11.0
191068,4,4,181,5,1,70.0,0,N,MELB_URBAN,ROAD,5,12.0
191069,1,4,120,5,1,50.0,0,N,TOWNS,HIGHWAY,5,14.0
191070,1,4,110,1,1,50.0,0,I,TOWNS,STREET,5,8.0
191071,1,4,111,2,1,40.0,0,I,MELB_URBAN,STREET,5,12.0
191072,1,2,116,1,2,60.0,0,I,MELB_URBAN,ROAD,5,5.0
191073,1,4,99,5,1,80.0,0,N,MELB_URBAN,HIGHWAY,5,12.0
191074,2,5,99,5,1,80.0,0,N,RURAL_VICTORIA,HIGHWAY,5,16.0
191075,1,0,121,1,3,60.0,0,I,MELB_URBAN,ROAD,3,21.0
191076,1,3,130,1,1,50.0,0,I,MELB_URBAN,ROAD,4,16.0
191077,1,1,111,2,1,50.0,0,I,MELB_URBAN,AVENUE,11,15.0
191078,1,4,99,1,2,100.0,0,I,RURAL_VICTORIA,HIGHWAY,5,17.0
191079,1,5,121,2,1,50.0,0,I,MELB_URBAN,ROAD,5,16.0
191080,2,5,99,5,5,110.0,1,N,SMALL_CITIES,FREEWAY,5,1.0
191081,1,5,121,4,1,80.0,0,I,MELB_URBAN,HIGHWAY,5,14.0
191082,1,5,130,2,3,80.0,0,I,MELB_URBAN,ROAD,5,17.0
191083,1,5,130,5,3,60.0,0,N,MELB_URBAN,BOULEVARD,5,19.0
191084,1,5,130,5,3,40.0,0,N,MELB_URBAN,HIGHWAY,5,19.0
191085,2,4,100,5,3,110.0,0,N,SMALL_CITIES,FREEWAY,5,17.0
191086,4,4,171,2,3,60.0,0,N,MELB_URBAN,DRIVE,5,21.0
191087,3,4,167,5,6,60.0,0,N,RURAL_VICTORIA,ROAD,5,21.0
191088,1,4,140,1,3,40.0,0,I,MELB_URBAN,HIGHWAY,5,22.0
191089,4,6,171,2,3,60.0,0,N,MELB_URBAN,ROAD,5,0.0
191090,1,6,110,1,3,60.0,0,I,SMALL_CITIES,DRIVE,5,6.0
191091,1,6,121,1,3,70.0,0,I,SMALL_CITIES,ROAD,4,21.0
191092,4,6,181,5,5,60.0,0,N,RURAL_VICTORIA,ROAD,5,5.0
191093,1,6,121,1,3,60.0,0,I,MELB_URBAN,HIGHWAY,5,6.0
191094,1,5,110,1,1,50.0,0,I,LARGE_PROVINCIAL_CITIES,STREET,5,7.0
191095,4,5,173,5,1,100.0,0,N,RURAL_VICTORIA,ROAD,5,13.0
191096,1,4,99,5,1,50.0,0,N,MELB_URBAN,STREET,5,15.0
191097,8,6,174,2,1,50.0,0,N,MELB_URBAN,ROAD,5,8.0
191098,1,5,113,2,1,60.0,0,I,MELB_URBAN,ROAD,5,9.0
191099,1,5,120,5,1,60.0,0,N,MELB_URBAN,ROAD,5,8.0
191100,3,3,167,5,5,100.0,0,N,RURAL_VICTORIA,ROAD,5,4.0
191101,3,2,167,5,1,100.0,0,N,RURAL_VICTORIA,HIGHWAY,5,7.0
191102,1,3,121,1,3,60.0,0,I,MELB_URBAN,AVENUE,5,20.0
191103,1,4,130,5,1,60.0,0,N,RURAL_VICTORIA,RAMP,5,15.0
191104,1,5,113,2,1,60.0,0,I,TOWNS,OTHER,5,8.0
191105,1,4,110,1,1,50.0,0,I,MELB_URBAN,AVENUE,11,9.0
191106,1,6,113,2,1,60.0,0,I,MELB_URBAN,ROAD,5,10.0
191107,4,2,99,5,3,60.0,0,N,MELB_URBAN,ROAD,3,20.0
191108,4,5,181,5,1,110.0,0,N,RURAL_VICTORIA,FREEWAY,5,11.0
191109,1,1,130,2,1,60.0,0,I,MELB_URBAN,ROAD,5,7.0
191110,1,2,110,1,1,60.0,0,I,MELB_URBAN,ROAD,5,7.0
191111,1,6,121,1,1,50.0,0,I,TOWNS,STREET,5,13.0
191112,2,5,99,5,1,60.0,0,N,MELB_URBAN,AVENUE,5,12.0
191113,1,6,135,1,1,80.0,0,I,MELB_URBAN,ROAD,5,9.0
191114,1,4,140,5,1,60.0,0,N,MELB_URBAN,HIGHWAY,5,8.0
191115,1,6,113,2,1,100.0,1,I,RURAL_VICTORIA,ROAD,5,12.0
191116,1,6,99,5,1,60.0,0,N,MELB_URBAN,STREET,5,13.0
191117,1,3,130,5,3,70.0,0,N,MELB_URBAN,ROAD,5,17.0
191118,1,3,130,5,9,60.0,0,N,MELB_URBAN,FREEWAY,5,6.0
191119,1,5,140,5,1,60.0,0,N,LARGE_PROVINCIAL_CITIES,STREET,5,14.0
191120,1,7,130,1,1,60.0,0,N,MELB_URBAN,FREEWAY,5,16.0
191121,7,0,99,2,1,60.0,0,I,RURAL_VICTORIA,ROAD,5,12.0
191122,4,5,181,2,1,60.0,0,I,MELB_URBAN,STREET,5,14.0
191123,1,4,99,2,1,80.0,0,I,MELB_URBAN,OTHER,5,9.0
191124,1,5,99,5,1,50.0,0,N,RURAL_VICTORIA,AVENUE,5,12.0
191125,1,0,130,5,1,60.0,0,N,SMALL_CITIES,ROAD,5,12.0
191126,1,5,130,5,1,70.0,0,N,MELB_URBAN,HIGHWAY,5,15.0