,accident_type,day_of_week,dca_code,road_geometry,light_condition,speed_zone,severity,node_type,deg_urban_name,road_type,month,hour
191127,1,5,130,1,1,60.0,0,I,MELB_URBAN,STREET,5,15.0
191128,1,5,99,2,1,100.0,0,I,RURAL_VICTORIA,ROAD,5,14.0
191129,1,6,130,2,9,80.0,0,I,LARGE_PROVINCIAL_CITIES,HIGHWAY,5,11.0
191130,4,6,181,5,1,80.0,0,N,RURAL_VICTORIA,ROAD,5,12.0
191131,1,5,130,5,3,80.0,0,N,RURAL_VICTORIA,HIGHWAY,5,17.0
191132,1,6,99,2,1,100.0,0,I,RURAL_VICTORIA,ROAD,5,16.0
191133,2,5,102,4,1,50.0,0,I,MELB_URBAN,ROAD,5,15.0
191134,1,6,130,5,3,70.0,0,N,LARGE_PROVINCIAL_CITIES,HIGHWAY,5,17.0
191135,2,5,100,2,3,60.0,0,I,MELB_URBAN,ROAD,5,18.0
191136,1,5,99,5,2,50.0,0,N,SMALL_CITIES,STREET,5,17.0
191137,3,5,167,5,5,100.0,0,N,RURAL_VICTORIA,ROAD,5,20.0
191138,1,3,121,1,9,60.0,0,I,MELB_URBAN,OTHER,4,18.0
191139,4,5,99,5,5,50.0,0,N,MELB_URBAN,STREET,5,18.0
191140,2,5,99,5,3,60.0,0,N,SMALL_CITIES,ROAD,5,20.0
191141,1,6,130,5,1,60.0,0,N,MELB_URBAN,ROAD,5,18.0
191142,1,6,121,2,3,60.0,0,I,MELB_URBAN,ROAD,5,18.0
191143,1,6,135,5,3,80.0,0,I,MELB_URBAN,ROAD,5,22.0
191144,8,5,99,5,9,60.0,0,N,MELB_URBAN,ROAD,5,10.0
191145,4,7,173,5,5,100.0,0,N,RURAL_VICTORIA,ROAD,5,5.0
191146,1,6,160,5,3,50.0,0,N,RURAL_VICTORIA,ROAD,5,21.0
191147,5,6,99,5,1,50.0,0,N,SMALL_CITIES,STREET,5,8.0
191148,1,5,134,2,3,60.0,0,N,MELB_URBAN,STREET,5,19.0
191149,4,5,181,5,9,60.0,0,N,RURAL_VICTORIA,ROAD,5,21.0
191150,8,6,174,1,3,60.0,0,N,MELB_URBAN,HIGHWAY,5,6.0
191151,8,6,174,5,1,40.0,0,N,MELB_URBAN,STREET,5,9.0
191152,1,4,99,1,9,60.0,0,N,MELB_URBAN,ROAD,5,16.0
191153,1,7,110,1,1,70.0,0,I,RURAL_VICTORIA,ROAD,5,9.0
191154,1,6,130,1,1,80.0,0,N,MELB_URBAN,STREET,5,10.0
191155,1,7,120,5,1,60.0,0,N,MELB_URBAN,STREET,5,10.0
191156,1,6,116,1,1,80.0,0,I,MELB_URBAN,OTHER,5,10.0
191157,4,6,181,5,1,80.0,0,N,RURAL_VICTORIA,ROAD,5,12.0
191158,1,7,116,1,1,80.0,1,I,RURAL_VICTORIA,HIGHWAY,5,12.0
191159,1,6,130,1,1,60.0,0,N,MELB_URBAN,ROAD,5,12.0
191160,1,6,130,5,1,60.0,0,N,MELB_URBAN,ROAD,5,15.0
191161,1,1,130,5,3,60.0,0,N,MELB_URBAN,STREET,5,17.0
191162,1,7,110,1,1,40.0,0,I,MELB_URBAN,STREET,5,15.0
191163,1,5,163,5,1,60.0,0,N,MELB_URBAN,ROAD,5,15.0
191164,1,1,99,5,1,40.0,0,N,MELB_URBAN,STREET,5,9.0
191165,1,7,110,1,2,100.0,0,I,RURAL_VICTORIA,ROAD,5,17.0
191166,2,7,102,2,5,40.0,0,I,MELB_URBAN,STREET,5,17.0
191167,8,6,174,5,1,60.0,0,N,MELB_URBAN,ROAD,5,11.0
191168,2,6,100,5,1,60.0,0,N,MELB_URBAN,STREET,5,17.0
191169,1,6,99,5,5,50.0,0,N,MELB_URBAN,OTHER,5,17.0
191170,1,6,121,1,1,60.0,0,I,RURAL_VICTORIA,ROAD,5,14.0
191171,1,6,133,5,5,110.0,0,N,RURAL_VICTORIA,FREEWAY,5,19.0
191172,1,7,130,5,1,70.0,0,N,MELB_URBAN,ROAD,5,14.0
191173,1,7,120,5,1,100.0,1,N,RURAL_VICTORIA,ROAD,5,15.0
191174,1,7,120,4,3,80.0,0,N,MELB_URBAN,HIGHWAY,5,22.0
191175,6,6,170,5,1,100.0,0,N,RURAL_VICTORIA,ROAD,4,8.0
191176,7,7,99,5,5,80.0,0,N,RURAL_VICTORIA,ROAD,5,23.0
191177,1,1,99,2,3,60.0,0,N,MELB_URBAN,ROAD,5,3.0
191178,2,6,99,5,1,40.0,0,N,SMALL_CITIES,AVENUE,5,12.0
191179,1,6,130,5,1,100.0,0,N,MELB_URBAN,FREEWAY,4,11.0
191180,1,0,99,2,1,50.0,0,I,MELB_URBAN,STREET,5,10.0
191181,1,1,110,1,9,50.0,0,I,MELB_URBAN,ROAD,5,15.0
191182,2,1,99,5,1,80.0,0,N,MELB_URBAN,HIGHWAY,5,9.0
191183,1,1,121,2,1,50.0,0,I,MELB_URBAN,STREET,5,10.0
191184,1,3,111,2,9,60.0,0,N,MELB_URBAN,ROAD,4,8.0
191185,2,4,100,1,1,60.0,0,N,MELB_URBAN,HIGHWAY,5,9.0
191186,1,1,121,1,1,40.0,0,I,MELB_URBAN,STREET,5,14.0
191187,3,3,167,5,2,100.0,0,N,RURAL_VICTORIA,ROAD,5,17.0
191188,2,0,100,5,1,50.0,0,N,MELB_URBAN,ROAD,5,12.0
191189,1,5,130,5,2,80.0,0,N,MELB_URBAN,ROAD,5,18.0
191190,1,0,121,1,1,60.0,0,I,RURAL_VICTORIA,ROAD,5,14.0
191191,1,1,121,2,1,80.0,1,I,RURAL_VICTORIA,HIGHWAY,5,11.0
191192,1,1,133,5,1,60.0,0,N,MELB_URBAN,OTHER,5,15.0
191193,1,1,130,4,1,60.0,0,I,MELB_URBAN,ROAD,5,17.0
191194,2,1,102,1,1,50.0,0,I,MELB_URBAN,STREET,5,15.0
191195,1,0,121,4,1,60.0,0,I,MELB_URBAN,ROAD,5,12.0
191196,2,1,100,1,3,60.0,0,I,MELB_URBAN,ROAD,5,18.0
191197,1,0,99,1,1,50.0,0,I,MELB_URBAN,OTHER,5,16.0
191198,1,1,121,2,1,100.0,1,I,RURAL_VICTORIA,ROAD,5,13.0
191199,1,1,121,5,3,60.0,0,N,LARGE_PROVINCIAL_CITIES,ROAD,5,19.0
191200,5,0,99,5,1,100.0,0,N,RURAL_VICTORIA,ROAD,5,13.0
191201,3,1,167,5,5,100.0,0,N,RURAL_VICTORIA,ROAD,5,18.0
191202,6,1,174,4,5,100.0,0,N,RURAL_VICTORIA,ROAD,5,4.0
191203,1,3,140,2,3,80.0,0,I,MELB_URBAN,ROAD,3,20.0
191204,4,0,171,5,3,80.0,0,N,MELB_URBAN,STREET,5,21.0
191205,4,1,171,9,3,50.0,1,N,MELB_URBAN,DRIVE,5,23.0
191206,1,3,140,5,3,70.0,0,N,MELB_URBAN,ROAD,5,23.0
191207,2,4,99,5,3,80.0,0,N,MELB_URBAN,ROAD,5,22.0
191208,4,2,181,1,1,60.0,0,N,RURAL_VICTORIA,ROAD,5,7.0
191209,6,2,170,5,2,100.0,0,N,RURAL_VICTORIA,ROAD,5,6.0
191210,8,0,174,5,1,70.0,0,N,MELB_URBAN,ROAD,4,15.0
191211,1,1,163,2,1,50.0,0,I,MELB_URBAN,BOULEVARD,5,9.0
191212,1,1,113,2,3,60.0,0,I,MELB_URBAN,ROAD,5,21.0
191213,1,4,99,2,1,100.0,0,I,RURAL_VICTORIA,OTHER,5,8.0
191214,1,1,110,4,1,70.0,0,I,LARGE_PROVINCIAL_CITIES,ROAD,5,10.0
191215,1,1,99,1,1,40.0,0,I,MELB_URBAN,OTHER,5,7.0
191216,1,1,110,1,1,40.0,0,I,MELB_URBAN,STREET,5,9.0
191217,4,1,183,5,1,80.0,0,N,RURAL_VICTORIA,ROAD,5,9.0
191218,1,4,110,1,1,70.0,0,I,MELB_URBAN,STREET,5,15.0
191219,1,1,116,2,1,80.0,0,I,RURAL_VICTORIA,HIGHWAY,5,8.0
191220,4,2,181,5,1,100.0,0,N,RURAL_VICTORIA,ROAD,5,7.0
191221,1,4,133,5,6,60.0,0,N,MELB_URBAN,PARADE,5,21.0
191222,1,2,120,5,1,50.0,0,N,MELB_URBAN,ROAD,5,7.0
191223,1,0,130,2,1,60.0,0,I,MELB_URBAN,ROAD,5,15.0
191224,1,2,99,1,1,50.0,0,I,MELB_URBAN,OTHER,5,12.0
191225,4,0,181,5,3,60.0,0,N,MELB_URBAN,ROAD,5,2.0
191226,1,4,130,5,1,80.0,0,N,MELB_URBAN,ROAD,5,8.0
191227,3,6,167,5,5,100.0,0,N,RURAL_VICTORIA,HIGHWAY,5,17.0
191228,1,2,130,5,1,50.0,0,N,MELB_URBAN,ROAD,5,16.0
191229,1,0,121,1,9,60.0,0,I,MELB_URBAN,ROAD,5,18.0
191230,1,1,140,5,1,40.0,0,N,MELB_URBAN,ROAD,5,9.0
191231,1,1,130,5,5,100.0,0,N,MELB_URBAN,FREEWAY,5,17.0
191232,4,0,99,5,6,80.0,0,N,RURAL_VICTORIA,ROAD,3,1.0
191233,8,2,174,5,3,50.0,0,N,MELB_URBAN,DRIVE,5,18.0
191234,1,1,121,2,1,60.0,0,N,LARGE_PROVINCIAL_CITIES,STREET,5,16.0
191235,1,1,110,1,3,50.0,0,I,MELB_URBAN,STREET,5,19.0
191236,2,1,100,2,3,50.0,0,N,MELB_URBAN,DRIVE,5,17.0
191237,6,2,170,5,5,80.0,0,N,RURAL_VICTORIA,ROAD,5,4.0
191238,1,4,110,1,1,50.0,0,I,TOWNS,ROAD,4,18.0
191239,2,2,102,1,2,80.0,0,I,MELB_URBAN,HIGHWAY,5,6.0
191240,3,2,167,5,1,100.0,0,N,RURAL_VICTORIA,HIGHWAY,5,7.0
191241,1,1,133,5,1,60.0,0,N,RURAL_VICTORIA,ROAD,5,11.0
191242,1,3,121,2,2,30.0,0,I,RURAL_VICTORIA,ROAD,5,6.0
191243,1,2,140,5,9,50.0,0,N,MELB_URBAN,ROAD,4,6.0
191244,6,6,170,5,1,60.0,0,N,RURAL_VICTORIA,ROAD,5,11.0
191245,1,3,99,2,1,40.0,0,I,MELB_URBAN,STREET,5,8.0
191246,1,2,121,2,1,70.0,0,I,MELB_URBAN,ROAD,5,9.0
191247,1,4,130,5,1,80.0,0,N,MELB_URBAN,ROAD,2,15.0
191248,1,2,121,1,1,50.0,0,N,MELB_URBAN,DRIVE,5,10.0
191249,1,3,113,2,1,60.0,0,I,LARGE_PROVINCIAL_CITIES,ROAD,5,10.0
191250,1,4,130,2,2,60.0,0,N,MELB_URBAN,ROAD,5,7.0
191251,6,6,184,5,1,100.0,0,N,RURAL_VICTORIA,OTHER,5,14.0
191252,1,3,113,2,1,80.0,0,I,RURAL_VICTORIA,HIGHWAY,5,10.0
191253,1,5,130,4,1,60.0,0,N,RURAL_VICTORIA,UNKNOWN,1,16.0
191254,1,2,120,5,1,80.0,0,N,RURAL_VICTORIA,ROAD,5,9.0
191255,1,3,140,2,1,60.0,0,I,LARGE_PROVINCIAL_CITIES,AVENUE,5,12.0
191256,1,2,121,1,2,60.0,0,N,MELB_URBAN,STREET,5,18.0
191257,6,0,174,5,1,60.0,0,N,RURAL_VICTORIA,ROAD,5,9.0
191258,1,2,130,1,1,60.0,0,I,MELB_URBAN,HIGHWAY,5,13.0
191259,6,3,170,5,1,80.0,0,N,RURAL_VICTORIA,HIGHWAY,5,9.0
191260,2,2,102,1,1,50.0,0,I,LARGE_PROVINCIAL_CITIES,STREET,5,13.0
191261,1,5,130,5,1,60.0,0,N,MELB_URBAN,FREEWAY,5,13.0
191262,1,2,130,5,1,60.0,0,N,MELB_URBAN,ROAD,5,8.0
191263,4,3,171,5,1,50.0,0,N,MELB_URBAN,STREET,5,10.0
191264,5,1,99,5,1,60.0,0,N,RURAL_VICTORIA,ROAD,4,10.0
191265,3,3,167,5,1,100.0,0,N,RURAL_VICTORIA,ROAD,5,8.0
191266,4,2,99,2,1,50.0,0,I,MELB_URBAN,AVENUE,5,8.0
191267,4,2,171,5,5,110.0,0,N,RURAL_VICTORIA,FREEWAY,9,20.0
191268,1,3,147,5,1,60.0,0,N,LARGE_PROVINCIAL_CITIES,STREET,5,13.0
191269,4,2,99,5,1,50.0,0,N,TOWNS,STREET,5,9.0
191270,1,3,134,5,1,60.0,0,N,MELB_URBAN,ROAD,5,10.0
191271,1,5,111,4,1,60.0,0,N,MELB_URBAN,RAMP,5,11.0
191272,1,3,99,2,1,60.0,0,I,MELB_URBAN,ROAD,5,13.0
191273,8,2,174,1,1,40.0,0,I,MELBOURNE_CBD,STREET,5,14.0
191274,2,2,102,2,1,40.0,0,I,MELB_URBAN,STREET,5,16.0
191275,1,6,140,5,1,60.0,0,N,MELB_URBAN,ROAD,5,15.0
191276,5,6,99,5,6,100.0,0,N,RURAL_VICTORIA,HIGHWAY,5,20.0
191277,1,1,147,5,1,50.0,0,N,MELB_URBAN,ROAD,5,15.0
191278,6,2,184,5,1,110.0,0,N,RURAL_VICTORIA,FREEWAY,5,15.0
191279,1,2,121,2,9,60.0,0,I,MELB_URBAN,OTHER,5,6.0
191280,5,2,99,5,1,60.0,0,N,MELB_URBAN,ROAD,5,14.0
191281,2,2,102,1,3,40.0,0,I,MELB_URBAN,ROAD,5,17.0
191282,1,4,160,5,6,60.0,0,N,SMALL_CITIES,DRIVE,4,21.0
191283,8,2,174,5,3,60.0,0,N,MELB_URBAN,ROAD,5,17.0
191284,1,0,130,5,1,100.0,0,N,MELB_URBAN,FREEWAY,5,12.0
191285,1,6,140,5,9,60.0,0,N,MELB_URBAN,UNKNOWN,5,8.0
191286,1,2,121,1,3,60.0,0,I,MELB_URBAN,ROAD,5,18.0
191287,8,3,174,5,3,60.0,0,N,MELB_URBAN,ROAD,5,17.0
191288,4,3,173,5,3,80.0,0,N,MELB_URBAN,ROAD,5,18.0
191289,1,5,132,1,5,60.0,0,I,RURAL_VICTORIA,AVENUE,5,6.0
191290,2,3,100,1,3,60.0,0,I,SMALL_CITIES,ROAD,5,17.0
191291,1,3,130,5,2,80.0,0,N,MELB_URBAN,RAMP,5,16.0
191292,4,5,171,5,4,40.0,0,N,RURAL_VICTORIA,HIGHWAY,5,0.0
191293,4,2,183,5,3,40.0,0,N,MELB_URBAN,RAMP,5,20.0
191294,1,2,113,2,3,50.0,0,I,MELB_URBAN,STREET,5,22.0
191295,6,3,184,5,5,60.0,0,N,RURAL_VICTORIA,ROAD,5,0.0
191296,1,7,130,2,1,60.0,0,N,MELB_URBAN,DRIVE,5,12.0
191297,1,4,110,1,1,50.0,0,I,MELB_URBAN,STREET,5,9.0
191298,1,3,121,4,1,80.0,0,I,MELB_URBAN,UNKNOWN,5,7.0
191299,1,4,140,5,3,80.0,0,N,MELB_URBAN,ROAD,5,6.0
191300,1,7,134,2,1,60.0,0,N,MELB_URBAN,ROAD,1,12.0
191301,4,3,181,2,1,60.0,0,N,MELB_URBAN,OTHER,5,11.0
191302,1,2,113,2,3,60.0,0,I,MELB_URBAN,ROAD,5,20.0
191303,3,0,167,5,1,60.0,0,N,RURAL_VICTORIA,ROAD,5,16.0
191304,1,5,160,5,1,60.0,0,N,MELB_URBAN,ROAD,5,10.0
191305,1,4,130,1,1,80.0,0,I,MELB_URBAN,OTHER,4,12.0
191306,2,4,99,5,1,60.0,0,N,MELB_URBAN,ROAD,3,16.0
191307,4,4,99,2,2,80.0,0,N,RURAL_VICTORIA,HIGHWAY,5,6.0
191308,2,3,100,1,1,60.0,0,I,MELB_URBAN,STREET,5,17.0
191309,1,3,130,5,1,80.0,0,N,MELB_URBAN,ROAD,3,17.0
191310,1,2,113,2,1,60.0,0,I,MELB_URBAN,ROAD,5,13.0
191311,1,4,130,2,3,60.0,0,I,MELB_URBAN,STREET,5,19.0
191312,1,4,111,2,3,60.0,0,I,MELB_URBAN,ROAD,5,17.0
191313,2,3,99,5,1,40.0,0,N,MELB_URBAN,ROAD,5,15.0
191314,4,3,183,2,3,60.0,0,N,MELB_URBAN,BOULEVARD,5,19.0
191315,1,3,130,1,3,60.0,0,N,MELB_URBAN,STREET,5,19.0
191316,1,4,120,5,3,60.0,0,N,MELB_URBAN,ROAD,5,18.0
191317,1,6,130,1,1,80.0,0,I,MELB_URBAN,ROAD,5,16.0
191318,3,3,167,5,5,100.0,0,N,RURAL_VICTORIA,ROAD,5,21.0
191319,1,3,120,5,3,50.0,0,N,MELB_URBAN,STREET,5,19.0
191320,1,4,110,1,1,40.0,0,I,MELB_URBAN,STREET,5,15.0
191321,2,3,100,2,5,40.0,0,I,MELB_URBAN,STREET,5,21.0
191322,2,4,99,1,3,60.0,0,I,MELB_URBAN,ROAD,4,18.0
191323,4,4,171,5,3,40.0,0,N,MELB_URBAN,ROAD,5,21.0
191324,4,5,173,5,3,50.0,0,N,MELB_URBAN,STREET,5,1.0
191325,1,1,99,2,3,50.0,0,I,MELB_URBAN,OTHER,3,23.0
191326,1,4,130,5,1,100.0,1,N,RURAL_VICTORIA,HIGHWAY,5,12.0
191327,1,1,121,1,1,60.0,0,I,LARGE_PROVINCIAL_CITIES,STREET,2,11.0
191328,1,5,116,2,1,50.0,0,I,MELB_URBAN,ROAD,5,7.0
191329,1,3,130,5,3,50.0,0,N,MELB_URBAN,OTHER,5,19.0
191330,1,5,113,2,1,80.0,0,I,MELB_URBAN,ROAD,5,9.0
191331,1,2,121,2,1,60.0,0,I,LARGE_PROVINCIAL_CITIES,STREET,5,15.0
191332,1,3,99,1,3,50.0,0,I,MELB_URBAN,STREET,5,17.0
191333,1,4,113,2,1,60.0,0,I,MELB_URBAN,ROAD,4,16.0
191334,1,1,130,5,1,60.0,0,N,MELB_URBAN,ROAD,5,16.0
191335,1,4,110,1,1,60.0,0,I,MELB_URBAN,ROAD,5,8.0
191336,1,5,160,5,1,60.0,0,N,LARGE_PROVINCIAL_CITIES,STREET,5,11.0
191337,1,6,130,2,1,60.0,0,I,MELB_URBAN,ROAD,4,12.0
191338,2,5,100,2,1,40.0,0,I,MELB_URBAN,ROAD,5,13.0
191339,1,5,121,1,1,80.0,0,I,MELB_URBAN,HIGHWAY,5,12.0
191340,1,5,135,5,1,60.0,0,N,MELB_URBAN,ROAD,5,9.0
191341,1,4,130,1,1,60.0,0,I,MELB_URBAN,ROAD,5,13.0
191342,1,5,130,4,1,80.0,0,N,RURAL_VICTORIA,ROAD,5,12.0
191343,1,5,130,4,1,60.0,0,N,MELB_URBAN,ROAD,5,13.0
191344,4,5,171,5,1,100.0,0,N,RURAL_VICTORIA,ROAD,5,13.0
191345,1,4,130,4,9,80.0,0,N,MELB_URBAN,ROAD,5,18.0
191346,1,4,99,5,2,60.0,0,N,MELB_URBAN,ROAD,5,6.0
191347,1,5,130,5,1,80.0,0,N,MELB_URBAN,FREEWAY,5,12.0
191348,2,1,102,2,1,60.0,0,I,RURAL_VICTORIA,ROAD,5,16.0
191349,1,5,133,5,1,50.0,0,N,RURAL_VICTORIA,OTHER,5,13.0
191350,1,4,130,2,9,50.0,0,I,MELB_URBAN,STREET,5,11.0
191351,1,2,130,5,1,80.0,0,N,MELB_URBAN,ROAD,2,12.0
191352,1,5,134,5,1,60.0,0,N,MELB_URBAN,ROAD,5,16.0
191353,1,5,120,5,1,100.0,0,N,RURAL_VICTORIA,HIGHWAY,5,15.0
191354,1,1,99,1,9,60.0,0,I,MELB_URBAN,ROAD,5,19.0
191355,1,4,110,1,1,70.0,0,I,MELB_URBAN,ROAD,5,8.0
191356,2,5,102,1,3,50.0,0,N,MELB_URBAN,STREET,5,19.0
191357,1,5,121,5,3,60.0,0,N,MELB_URBAN,ROAD,5,18.0
191358,1,4,130,5,3,80.0,0,N,MELB_URBAN,ROAD,5,17.0
191359,1,5,99,5,1,50.0,0,N,MELB_URBAN,AVENUE,5,16.0
191360,1,5,130,5,1,70.0,0,N,MELB_URBAN,STREET,5,14.0
191361,1,5,121,2,3,70.0,0,N,SMALL_TOWNS,ROAD,5,20.0
191362,1,5,120,5,3,50.0,0,N,RURAL_VICTORIA,DRIVE,5,18.0
191363,2,5,99,2,3,60.0,0,I,MELB_URBAN,STREET,5,18.0
191364,1,1,130,1,1,60.0,0,I,MELB_URBAN,STREET,5,18.0
191365,4,5,99,4,3,60.0,0,I,MELB_URBAN,ROAD,5,5.0
191366,1,4,121,2,3,60.0,0,O,MELB_URBAN,UNKNOWN,5,21.0
191367,1,3,110,1,1,50.0,0,I,MELB_URBAN,STREET,5,8.0
191368,1,4,130,5,3,40.0,0,N,MELB_URBAN,STREET,5,20.0
191369,1,2,132,5,1,50.0,0,N,MELB_URBAN,STREET,2,14.0
191370,1,5,132,1,3,60.0,0,I,MELB_URBAN,ROAD,5,20.0
191371,1,6,130,2,1,60.0,0,I,MELB_URBAN,PARADE,5,10.0
191372,6,6,174,5,9,60.0,0,N,RURAL_VICTORIA,OTHER,4,11.0
191373,1,2,116,1,1,50.0,0,N,TOWNS,STREET,5,8.0
191374,2,5,100,5,1,60.0,0,N,MELB_URBAN,ROAD,5,7.0
191375,4,5,171,5,1,100.0,0,N,RURAL_VICTORIA,OTHER,5,13.0
191376,2,6,100,5,1,60.0,0,N,MELB_URBAN,ROAD,5,14.0
191377,1,5,130,5,1,80.0,0,N,MELB_URBAN,ROAD,5,9.0
191378,1,1,113,2,3,70.0,0,I,LARGE_PROVINCIAL_CITIES,ROAD,5,18.0
191379,8,6,99,2,1,30.0,0,N,RURAL_VICTORIA,HIGHWAY,5,11.0
191380,1,2,99,1,1,60.0,0,I,MELB_URBAN,ROAD,4,8.0
191381,1,5,110,1,1,60.0,0,I,SMALL_CITIES,STREET,5,11.0
191382,1,5,111,2,1,50.0,0,I,MELB_URBAN,DRIVE,5,11.0
191383,1,2,130,5,9,60.0,0,N,MELB_URBAN,ROAD,5,18.0
191384,1,5,99,1,1,60.0,0,I,MELB_URBAN,AVENUE,5,8.0
191385,4,3,183,5,5,100.0,0,N,RURAL_VICTORIA,ROAD,5,20.0
191386,4,6,171,5,1,50.0,0,N,MELB_URBAN,OTHER,5,13.0
191387,1,6,132,1,3,40.0,0,N,MELBOURNE_CBD,STREET,5,4.0
191388,2,3,102,2,1,60.0,0,N,MELB_URBAN,OTHER,5,6.0
191389,1,2,99,2,9,40.0,0,I,MELB_URBAN,STREET,3,8.0
191390,1,6,160,5,1,40.0,0,N,MELB_URBAN,DRIVE,5,13.0
191391,1,3,99,1,1,60.0,0,I,MELB_URBAN,STREET,5,14.0
191392,1,0,121,1,1,60.0,0,I,MELB_URBAN,ROAD,5,11.0
191393,1,3,130,1,9,60.0,0,N,MELB_URBAN,ROAD,5,13.0
191394,1,0,99,5,3,40.0,0,N,TOWNS,STREET,5,18.0
191395,1,6,130,5,1,80.0,0,N,MELB_URBAN,ROAD,5,15.0
191396,1,6,110,1,1,50.0,0,I,SMALL_CITIES,STREET,5,16.0
191397,2,3,102,2,9,40.0,0,I,MELB_URBAN,ROAD,5,22.0
191398,1,6,110,1,1,100.0,0,I,RURAL_VICTORIA,HIGHWAY,5,14.0
191399,3,6,167,5,5,100.0,0,N,RURAL_VICTORIA,ROAD,5,6.0
191400,2,6,102,5,1,60.0,0,N,MELB_URBAN,ROAD,5,15.0
191401,1,6,140,5,1,60.0,0,N,RURAL_VICTORIA,STREET,5,15.0
191402,6,6,174,5,1,60.0,0,N,RURAL_VICTORIA,ROAD,5,10.0
191403,1,5,130,5,1,60.0,0,N,MELB_URBAN,ROAD,5,14.0
191404,1,5,120,5,2,70.0,0,N,MELB_URBAN,ROAD,5,17.0
191405,4,5,173,5,2,100.0,0,N,RURAL_VICTORIA,HIGHWAY,5,17.0
191406,2,6,100,2,3,60.0,0,N,MELB_URBAN,ROAD,5,18.0
191407,2,6,100,5,1,50.0,0,N,MELB_URBAN,STREET,5,15.0
191408,1,6,121,2,3,70.0,0,I,MELB_URBAN,ROAD,5,18.0
191409,1,6,121,2,1,70.0,0,I,MELB_URBAN,ROAD,5,15.0
191410,1,6,140,5,3,40.0,0,N,MELB_URBAN,ROAD,5,17.0
191411,1,6,99,5,3,60.0,0,N,MELB_URBAN,ROAD,5,17.0
191412,1,4,134,5,5,100.0,0,N,RURAL_VICTORIA,ROAD,5,22.0
191413,4,5,171,5,3,80.0,0,N,RURAL_VICTORIA,HIGHWAY,5,0.0
191414,1,3,130,5,6,60.0,0,N,MELB_URBAN,STREET,5,18.0
191415,2,6,100,5,3,60.0,0,N,MELB_URBAN,ROAD,5,22.0
191416,4,5,99,1,3,40.0,0,N,MELB_URBAN,STREET,1,3.0
191417,1,3,121,2,1,60.0,0,I,MELB_URBAN,ROAD,5,11.0
191418,4,6,171,5,5,100.0,0,N,RURAL_VICTORIA,HIGHWAY,5,0.0
191419,1,6,121,2,3,60.0,0,I,SMALL_CITIES,ROAD,5,1.0
191420,1,4,113,2,3,60.0,0,I,MELB_URBAN,ROAD,5,6.0
191421,1,6,99,5,1,60.0,0,N,MELB_URBAN,STREET,5,8.0
191422,1,3,163,2,1,40.0,0,N,MELBOURNE_CBD,STREET,5,16.0
191423,2,5,102,1,1,60.0,0,I,MELB_URBAN,ROAD,5,17.0
191424,1,2,140,5,1,50.0,0,N,MELB_URBAN,STREET,5,15.0
191425,1,7,121,2,1,60.0,0,I,MELB_URBAN,ROAD,5,10.0
191426,8,0,174,5,1,60.0,0,N,MELB_URBAN,BOULEVARD,5,16.0
191427,7,6,99,5,1,80.0,0,N,MELB_URBAN,ROAD,3,16.0
191428,1,0,130,2,2,60.0,0,I,LARGE_PROVINCIAL_CITIES,OTHER,4,18.0
191429,8,7,184,5,1,100.0,0,N,RURAL_VICTORIA,ROAD,5,11.0
191430,4,7,181,5,1,80.0,0,N,RURAL_VICTORIA,ROAD,5,11.0
191431,1,2,130,5,1,100.0,0,N,MELB_URBAN,FREEWAY,4,16.0
191432,1,5,130,2,1,60.0,0,I,SMALL_CITIES,STREET,5,16.0
191433,1,6,160,2,1,50.0,0,I,LARGE_PROVINCIAL_CITIES,AVENUE,5,13.0
191434,1,7,130,5,1,80.0,0,N,MELB_URBAN,ROAD,5,13.0
191435,2,4,102,2,1,40.0,0,I,TOWNS,STREET,5,14.0
191436,2,6,99,5,1,60.0,0,N,SMALL_CITIES,STREET,5,13.0
191437,4,7,183,5,1,100.0,0,N,RURAL_VICTORIA,ROAD,5,11.0
191438,1,3,132,2,1,50.0,0,I,MELB_URBAN,AVENUE,5,16.0
191439,4,7,181,5,1,100.0,1,N,RURAL_VICTORIA,ROAD,5,9.0
191440,2,6,102,1,1,60.0,0,N,MELB_URBAN,STREET,5,16.0
191441,1,7,116,2,1,60.0,0,N,MELB_URBAN,ROAD,5,15.0
191442,1,7,130,5,2,100.0,0,N,RURAL_VICTORIA,FREEWAY,5,17.0
191443,1,5,130,1,6,70.0,0,I,MELB_URBAN,ROAD,5,20.0
191444,1,6,99,2,3,50.0,0,I,MELB_URBAN,ROAD,5,6.0
191445,1,7,111,1,3,50.0,0,I,MELB_URBAN,STREET,5,18.0
191446,4,7,171,5,5,100.0,1,N,RURAL_VICTORIA,HIGHWAY,5,7.0
191447,2,6,102,5,1,80.0,1,N,MELB_URBAN,HIGHWAY,5,14.0
191448,2,6,99,5,9,60.0,0,N,MELB_URBAN,ROAD,5,17.0
191449,1,6,99,2,1,50.0,0,O,MELB_URBAN,UNKNOWN,5,15.0
191450,1,7,121,5,3,60.0,0,N,MELB_URBAN,ROAD,5,17.0
191451,2,7,102,5,3,40.0,0,N,LARGE_PROVINCIAL_CITIES,STREET,5,23.0
191452,2,7,100,5,3,50.0,0,N,MELB_URBAN,STREET,5,22.0