,accident_type,day_of_week,dca_code,road_geometry,light_condition,speed_zone,severity,node_type,deg_urban_name,road_type,month,hour
191453,2,6,100,5,3,50.0,0,N,MELB_URBAN,DRIVE,5,23.0
191454,2,7,100,1,2,50.0,0,I,MELB_URBAN,PARADE,5,16.0
191455,1,5,147,5,1,50.0,0,N,LARGE_PROVINCIAL_CITIES,STREET,5,17.0
191456,4,5,99,5,1,100.0,0,N,RURAL_VICTORIA,ROAD,5,11.0
191457,1,4,130,2,6,60.0,0,I,SMALL_CITIES,ROAD,5,20.0
191458,1,7,163,5,3,40.0,0,N,MELB_URBAN,ROAD,5,1.0
191459,1,7,99,5,3,50.0,0,N,MELB_URBAN,STREET,5,21.0
191460,1,1,99,2,1,80.0,0,I,MELB_URBAN,ROAD,4,16.0
191461,1,4,121,2,9,60.0,0,I,MELB_URBAN,STREET,5,18.0
191462,1,4,113,2,3,80.0,0,I,RURAL_VICTORIA,HIGHWAY,4,18.0
191463,1,4,130,5,1,100.0,0,N,MELB_URBAN,FREEWAY,3,17.0
191464,1,7,147,5,1,50.0,0,N,MELB_URBAN,STREET,5,13.0
191465,1,5,99,1,1,60.0,0,I,MELB_URBAN,STREET,5,12.0
191466,1,7,121,1,1,60.0,0,I,MELB_URBAN,RAMP,5,10.0
191467,1,7,163,5,1,40.0,0,N,MELB_URBAN,STREET,5,10.0
191468,1,0,132,5,9,70.0,0,N,MELB_URBAN,ROAD,5,8.0
191469,1,3,110,1,1,50.0,0,I,MELB_URBAN,AVENUE,4,14.0
191470,2,4,102,2,1,60.0,0,I,MELB_URBAN,ROAD,5,15.0
191471,2,4,99,5,6,60.0,0,N,RURAL_VICTORIA,OTHER,5,21.0
191472,1,6,99,4,3,60.0,0,N,MELB_URBAN,ROAD,5,21.0
191473,1,2,113,1,1,80.0,0,I,MELB_URBAN,ROAD,5,16.0
191474,8,0,184,5,1,60.0,0,N,RURAL_VICTORIA,OTHER,5,9.0
191475,1,2,113,2,1,80.0,0,I,RURAL_VICTORIA,ROAD,5,14.0
191476,1,1,130,5,1,70.0,0,N,MELB_URBAN,ROAD,4,16.0
191477,1,5,99,5,1,60.0,0,N,MELB_URBAN,ROAD,5,12.0
191478,3,5,167,5,5,100.0,0,N,RURAL_VICTORIA,HIGHWAY,2,6.0
191479,8,4,174,5,3,60.0,0,N,MELB_URBAN,PARADE,5,5.0
191480,1,1,130,3,1,80.0,0,N,MELB_URBAN,FREEWAY,12,14.0
191481,1,7,113,4,1,60.0,0,I,MELB_URBAN,RAMP,5,15.0
191482,4,1,99,2,3,60.0,0,I,MELB_URBAN,ROAD,4,1.0
191483,1,4,111,2,1,80.0,0,I,MELB_URBAN,HIGHWAY,5,14.0
191484,1,0,130,5,3,80.0,0,N,MELB_URBAN,ROAD,5,21.0
191485,2,3,99,2,1,40.0,0,N,MELB_URBAN,ROAD,3,8.0
191486,1,5,130,2,3,60.0,0,I,MELB_URBAN,ROAD,5,17.0
191487,2,4,100,5,9,60.0,0,N,MELB_URBAN,ROAD,5,16.0
191488,8,7,170,1,1,100.0,0,N,RURAL_VICTORIA,ROAD,5,16.0
191489,1,1,130,5,1,100.0,0,N,MELB_URBAN,FREEWAY,5,6.0
191490,8,6,174,1,3,100.0,0,N,MELB_URBAN,ROAD,5,0.0
191491,1,2,130,5,1,50.0,0,N,MELB_URBAN,STREET,5,12.0
191492,1,6,130,5,1,60.0,0,N,RURAL_VICTORIA,FREEWAY,5,8.0
191493,1,6,130,2,9,60.0,0,I,MELB_URBAN,ROAD,5,19.0
191494,4,4,99,5,1,80.0,0,N,MELB_URBAN,FREEWAY,5,11.0
191495,1,0,134,5,1,100.0,0,N,RURAL_VICTORIA,HIGHWAY,5,13.0
191496,1,2,130,5,9,60.0,0,N,MELB_URBAN,STREET,5,16.0
191497,8,3,174,2,1,60.0,0,I,MELB_URBAN,ROAD,5,15.0
191498,1,3,110,1,2,80.0,0,I,RURAL_VICTORIA,ROAD,5,16.0
191499,1,6,121,1,1,60.0,0,I,MELB_URBAN,ROAD,4,13.0
191500,1,3,130,5,1,60.0,0,N,MELB_URBAN,ROAD,5,17.0
191501,1,7,140,2,6,80.0,0,N,MELB_URBAN,ROAD,5,19.0
191502,1,4,147,5,3,60.0,0,N,MELB_URBAN,STREET,5,21.0
191503,1,3,130,1,1,80.0,0,I,LARGE_PROVINCIAL_CITIES,HIGHWAY,5,15.0
191504,1,6,130,5,1,100.0,0,N,MELB_URBAN,FREEWAY,5,9.0
191505,8,1,174,5,1,50.0,0,N,MELB_URBAN,STREET,5,8.0
191506,8,4,174,5,1,50.0,1,N,MELB_URBAN,STREET,5,9.0
191507,1,4,130,1,1,60.0,0,I,MELB_URBAN,ROAD,4,15.0
191508,1,1,130,5,1,60.0,0,N,MELB_URBAN,ROAD,5,16.0
191509,2,2,102,1,3,60.0,0,I,TOWNS,ROAD,5,6.0
191510,1,5,130,5,3,60.0,0,N,MELB_URBAN,ROAD,5,6.0
191511,1,2,130,5,5,80.0,0,N,RURAL_VICTORIA,HIGHWAY,5,19.0
191512,1,3,116,2,1,60.0,0,N,MELB_URBAN,ROAD,5,8.0
191513,1,3,130,1,9,80.0,0,I,RURAL_VICTORIA,HIGHWAY,5,12.0
191514,1,5,134,5,1,60.0,0,N,MELB_URBAN,ROAD,4,14.0
191515,1,6,147,5,2,50.0,0,O,SMALL_TOWNS,UNKNOWN,2,6.0
191516,1,2,163,5,1,40.0,0,N,MELBOURNE_CBD,STREET,5,7.0
191517,1,4,130,5,5,100.0,0,N,RURAL_VICTORIA,HIGHWAY,5,18.0
191518,1,4,135,5,1,100.0,0,N,MELB_URBAN,FREEWAY,5,13.0
191519,1,0,130,5,1,70.0,0,N,MELB_URBAN,ROAD,11,11.0
191520,8,6,99,5,1,60.0,0,N,RURAL_VICTORIA,OTHER,5,12.0
191521,1,7,130,5,1,80.0,0,N,MELB_URBAN,UNKNOWN,5,12.0
191522,1,4,135,1,1,60.0,0,N,MELB_URBAN,ROAD,5,8.0
191523,6,6,174,2,6,50.0,0,N,MELB_URBAN,DRIVE,5,1.0
191524,1,2,130,4,1,60.0,0,N,SMALL_CITIES,RAMP,5,16.0
191525,1,4,99,2,1,60.0,0,I,MELB_URBAN,BOULEVARD,5,8.0
191526,1,5,130,1,1,80.0,0,I,MELB_URBAN,ROAD,3,14.0
191527,1,4,110,1,1,60.0,0,I,LARGE_PROVINCIAL_CITIES,STREET,5,16.0
191528,1,5,99,5,1,50.0,0,N,MELB_URBAN,STREET,5,16.0
191529,1,3,160,5,9,60.0,0,N,MELB_URBAN,ROAD,3,14.0
191530,1,3,132,2,9,50.0,0,I,MELB_URBAN,PARADE,5,8.0
191531,1,3,130,5,1,100.0,0,N,RURAL_VICTORIA,HIGHWAY,5,6.0
191532,1,3,130,5,1,60.0,0,N,MELB_URBAN,RAMP,5,16.0
191533,6,4,99,5,9,60.0,0,N,RURAL_VICTORIA,OTHER,4,10.0
191534,1,2,99,5,1,70.0,0,N,MELB_URBAN,ROAD,5,9.0
191535,4,7,181,5,1,60.0,0,N,RURAL_VICTORIA,HIGHWAY,5,17.0
191536,1,6,99,5,1,40.0,0,N,MELB_URBAN,ROAD,12,11.0
191537,9,2,99,5,1,70.0,0,N,MELB_URBAN,HIGHWAY,4,17.0
191538,3,3,167,5,5,100.0,0,N,RURAL_VICTORIA,ROAD,5,5.0
191539,1,4,113,1,1,60.0,0,I,RURAL_VICTORIA,ROAD,2,12.0
191540,1,0,111,2,3,50.0,0,I,MELB_URBAN,BOULEVARD,5,19.0
191541,3,5,167,5,1,70.0,0,N,RURAL_VICTORIA,HIGHWAY,5,6.0
191542,1,4,99,5,1,60.0,0,N,MELB_URBAN,PARADE,5,14.0
191543,8,3,174,5,1,60.0,0,N,MELB_URBAN,STREET,5,13.0
191544,1,1,121,1,3,80.0,0,N,MELB_URBAN,HIGHWAY,5,22.0
191545,2,2,102,1,3,70.0,0,I,RURAL_VICTORIA,ROAD,4,19.0
191546,6,2,99,5,3,40.0,0,N,MELB_URBAN,STREET,5,22.0
191547,1,5,121,2,1,70.0,0,I,MELB_URBAN,ROAD,5,15.0
191548,1,4,99,5,1,40.0,0,N,MELB_URBAN,STREET,5,9.0
191549,1,2,111,2,1,40.0,0,I,MELB_URBAN,ROAD,5,10.0
191550,4,2,181,5,1,100.0,0,N,RURAL_VICTORIA,ROAD,4,11.0
191551,1,6,110,1,1,50.0,0,I,MELB_URBAN,STREET,4,9.0
191552,1,2,130,5,9,60.0,0,N,LARGE_PROVINCIAL_CITIES,HIGHWAY,5,18.0
191553,1,3,163,5,2,60.0,0,N,MELB_URBAN,ROAD,4,16.0
191554,4,0,171,5,1,100.0,0,N,RURAL_VICTORIA,ROAD,2,18.0
191555,8,5,99,5,5,80.0,0,N,RURAL_VICTORIA,ROAD,5,20.0
191556,1,5,130,5,3,60.0,0,N,RURAL_VICTORIA,ROAD,5,6.0
191557,1,1,121,5,1,80.0,0,N,MELB_URBAN,ROAD,1,12.0
191558,8,0,99,5,9,60.0,0,N,RURAL_VICTORIA,ROAD,5,15.0
191559,1,7,147,5,1,50.0,0,N,MELB_URBAN,STREET,5,13.0
191560,5,4,99,5,3,50.0,0,N,MELB_URBAN,ROAD,5,19.0
191561,6,5,174,1,3,60.0,0,N,MELB_URBAN,STREET,5,6.0
191562,1,0,130,5,1,60.0,0,N,MELB_URBAN,HIGHWAY,5,11.0
191563,1,0,147,5,1,50.0,0,N,MELB_URBAN,ROAD,2,16.0
191564,1,2,130,5,3,60.0,0,N,LARGE_PROVINCIAL_CITIES,STREET,5,18.0
191565,1,2,133,5,9,60.0,0,N,MELB_URBAN,ROAD,5,17.0
191566,1,4,99,5,1,50.0,0,N,MELB_URBAN,OTHER,12,18.0
191567,3,5,167,5,1,80.0,0,N,RURAL_VICTORIA,ROAD,4,19.0
191568,1,5,134,5,3,60.0,0,N,MELB_URBAN,ROAD,5,19.0
191569,1,5,130,5,1,60.0,0,N,MELB_URBAN,ROAD,5,15.0
191570,1,5,121,2,3,80.0,0,I,MELB_URBAN,ROAD,5,21.0
191571,1,3,110,1,3,60.0,0,I,TOWNS,STREET,4,19.0
191572,1,0,130,5,3,70.0,0,N,MELB_URBAN,ROAD,5,22.0
191573,1,2,130,5,9,60.0,0,N,MELB_URBAN,OTHER,5,10.0
191574,3,5,167,1,9,70.0,0,N,MELB_URBAN,ROAD,8,1.0
191575,5,0,99,5,1,80.0,0,N,MELB_URBAN,ROAD,3,10.0
191576,1,2,99,5,1,70.0,0,N,MELB_URBAN,ROAD,3,14.0
191577,1,7,99,5,3,80.0,0,N,MELB_URBAN,HIGHWAY,5,20.0
191578,1,7,99,2,9,70.0,0,I,MELB_URBAN,ROAD,6,17.0
191579,1,4,140,5,3,60.0,0,N,MELB_URBAN,ROAD,5,17.0
191580,1,4,130,2,1,60.0,0,I,LARGE_PROVINCIAL_CITIES,ROAD,4,8.0
191581,3,6,167,5,9,60.0,0,N,SMALL_CITIES,ROAD,5,18.0
191582,1,4,110,1,9,60.0,0,I,RURAL_VICTORIA,ROAD,5,18.0
191583,1,5,130,2,1,60.0,0,I,MELB_URBAN,STREET,5,13.0
191584,8,0,174,2,1,60.0,0,N,MELB_URBAN,STREET,5,13.0
191585,1,5,99,5,1,60.0,0,N,RURAL_VICTORIA,HIGHWAY,5,8.0
191586,1,6,130,5,9,60.0,0,N,MELB_URBAN,ROAD,5,18.0
191587,4,3,99,2,1,50.0,0,I,LARGE_PROVINCIAL_CITIES,STREET,4,13.0
191588,1,6,130,5,1,80.0,0,N,MELB_URBAN,HIGHWAY,5,15.0
191589,1,3,130,5,9,100.0,0,N,RURAL_VICTORIA,BOULEVARD,4,8.0
191590,4,0,171,5,1,60.0,0,N,MELB_URBAN,BOULEVARD,5,16.0
191591,1,5,99,2,3,70.0,0,I,MELB_URBAN,ROAD,5,21.0
191592,1,4,130,5,1,100.0,0,N,RURAL_VICTORIA,FREEWAY,1,15.0
191593,1,5,147,5,1,50.0,0,N,MELB_URBAN,STREET,3,12.0
191594,1,3,130,5,5,60.0,0,N,SMALL_TOWNS,STREET,5,17.0
191595,1,7,110,1,1,60.0,0,I,RURAL_VICTORIA,ROAD,5,13.0
191596,1,4,121,2,1,70.0,0,I,SMALL_TOWNS,ROAD,5,8.0
191597,1,2,99,2,9,60.0,0,I,MELB_URBAN,ROAD,5,8.0
191598,1,3,130,2,1,60.0,0,I,MELB_URBAN,ROAD,9,15.0
191599,6,6,174,2,1,60.0,0,N,SMALL_TOWNS,ROAD,1,10.0
191600,1,7,121,1,1,80.0,0,I,MELB_URBAN,ROAD,5,8.0
191601,4,5,171,5,1,50.0,0,N,TOWNS,ROAD,5,17.0
191602,1,1,110,1,1,60.0,0,I,LARGE_PROVINCIAL_CITIES,STREET,5,9.0
191603,1,2,99,2,9,60.0,0,I,MELB_URBAN,STREET,5,17.0
191604,1,0,99,2,9,60.0,0,N,MELB_URBAN,ROAD,5,18.0
191605,1,0,130,5,1,70.0,0,N,MELB_URBAN,ROAD,5,12.0
191606,1,1,160,5,1,40.0,0,N,MELB_URBAN,AVENUE,5,14.0
191607,4,5,99,5,5,100.0,0,N,RURAL_VICTORIA,HIGHWAY,5,5.0
191608,1,5,130,1,1,60.0,0,N,MELB_URBAN,ROAD,5,9.0
191609,4,0,173,5,1,50.0,0,N,MELB_URBAN,BOULEVARD,4,13.0
191610,1,1,130,1,1,70.0,0,I,MELB_URBAN,ROAD,5,15.0
191611,1,3,113,1,3,80.0,0,N,MELB_URBAN,UNKNOWN,4,17.0
191612,4,4,173,5,1,100.0,0,N,RURAL_VICTORIA,ROAD,5,13.0
191613,1,5,110,1,3,50.0,0,I,MELB_URBAN,AVENUE,5,18.0
191614,1,2,113,2,9,80.0,0,I,MELB_URBAN,ROAD,3,17.0
191615,1,0,99,2,3,60.0,0,N,MELB_URBAN,OTHER,5,6.0
191616,8,6,184,5,1,80.0,0,N,RURAL_VICTORIA,OTHER,5,9.0
191617,8,5,174,5,1,60.0,0,N,RURAL_VICTORIA,UNKNOWN,4,12.0
191618,8,2,99,5,1,60.0,0,N,RURAL_VICTORIA,OTHER,3,16.0
191619,1,2,99,4,1,80.0,0,I,MELB_URBAN,HIGHWAY,5,11.0
191620,1,5,160,5,3,60.0,0,N,MELB_URBAN,ROAD,3,21.0
191621,1,5,130,5,1,60.0,0,N,SMALL_CITIES,ROAD,5,17.0
191622,8,2,174,5,1,50.0,0,N,LARGE_PROVINCIAL_CITIES,STREET,4,11.0
191623,1,5,130,2,1,50.0,0,I,MELB_URBAN,ROAD,5,14.0
191624,1,3,130,2,1,60.0,0,I,MELB_URBAN,ROAD,10,8.0
191625,1,3,99,5,1,60.0,0,N,MELB_URBAN,ROAD,5,17.0
191626,1,3,130,5,2,80.0,0,N,MELB_URBAN,ROAD,5,16.0
191627,1,3,113,1,1,60.0,0,I,LARGE_PROVINCIAL_CITIES,STREET,3,14.0
191628,1,4,121,2,1,60.0,0,N,MELB_URBAN,STREET,2,7.0
191629,2,4,100,2,1,40.0,0,I,MELB_URBAN,OTHER,3,13.0
191630,6,1,184,5,1,60.0,0,N,RURAL_VICTORIA,ROAD,5,13.0
191631,1,4,113,1,3,50.0,0,I,MELB_URBAN,STREET,5,18.0
191632,8,2,174,2,1,50.0,0,I,MELB_URBAN,STREET,5,18.0
191633,1,6,110,1,1,60.0,0,I,MELB_URBAN,STREET,5,14.0
191634,1,7,160,5,3,50.0,0,N,MELB_URBAN,OTHER,5,23.0
191635,8,6,184,5,1,60.0,0,N,RURAL_VICTORIA,OTHER,5,12.0
191636,1,1,130,5,1,60.0,0,N,MELB_URBAN,ROAD,5,13.0
191637,1,4,99,2,1,60.0,0,I,MELB_URBAN,STREET,3,10.0
191638,1,6,99,2,1,50.0,0,N,MELB_URBAN,PARADE,11,13.0
191639,1,3,130,5,1,100.0,0,N,MELB_URBAN,ROAD,5,9.0
191640,6,0,99,5,2,70.0,0,N,RURAL_VICTORIA,ROAD,7,6.0
191641,1,5,135,1,1,40.0,0,I,MELB_URBAN,DRIVE,3,11.0
191642,1,2,99,5,1,80.0,0,N,MELB_URBAN,ROAD,5,15.0
191643,6,2,99,5,2,80.0,0,N,RURAL_VICTORIA,ROAD,5,18.0
191644,5,3,99,5,5,110.0,0,N,RURAL_VICTORIA,FREEWAY,5,21.0
191645,1,5,130,5,1,100.0,0,N,MELB_URBAN,FREEWAY,2,13.0
191646,1,2,130,5,5,80.0,0,N,RURAL_VICTORIA,HIGHWAY,4,17.0
191647,2,4,102,5,1,50.0,0,N,MELB_URBAN,STREET,7,13.0
191648,1,6,113,2,1,60.0,0,I,SMALL_CITIES,AVENUE,4,11.0
191649,1,4,130,5,1,60.0,0,N,MELB_URBAN,ROAD,3,12.0
191650,1,4,130,5,3,60.0,0,N,LARGE_PROVINCIAL_CITIES,STREET,5,17.0
191651,1,2,135,5,3,80.0,0,N,MELB_URBAN,RAMP,5,21.0
191652,2,4,102,1,3,60.0,0,I,MELB_URBAN,ROAD,5,23.0
191653,1,1,132,2,1,60.0,0,I,LARGE_PROVINCIAL_CITIES,ROAD,4,12.0
191654,1,3,121,2,1,60.0,0,I,LARGE_PROVINCIAL_CITIES,ROAD,3,16.0
191655,1,7,111,2,1,60.0,0,I,MELB_URBAN,ROAD,5,13.0
191656,1,1,163,5,1,60.0,0,N,MELB_URBAN,ROAD,5,8.0
191657,6,6,99,5,1,80.0,0,N,RURAL_VICTORIA,ROAD,5,14.0
191658,1,4,99,1,1,60.0,0,I,MELB_URBAN,PARADE,7,16.0
191659,1,4,130,5,1,70.0,0,N,MELB_URBAN,ROAD,4,18.0
191660,4,5,181,2,1,60.0,0,N,RURAL_VICTORIA,ROAD,5,7.0
191661,1,3,130,5,2,100.0,0,N,MELB_URBAN,FREEWAY,3,16.0
191662,4,6,99,5,1,60.0,0,N,MELB_URBAN,AVENUE,4,17.0
191663,1,1,130,5,9,70.0,0,N,MELB_URBAN,ROAD,5,17.0
191664,1,5,130,1,1,70.0,0,N,LARGE_PROVINCIAL_CITIES,STREET,1,10.0
191665,1,3,130,2,1,50.0,0,I,MELB_URBAN,STREET,11,17.0
191666,1,2,160,5,1,60.0,0,N,MELB_URBAN,STREET,5,14.0
191667,1,3,130,1,1,50.0,0,I,MELB_URBAN,ROAD,4,17.0
191668,8,0,174,5,1,100.0,0,N,RURAL_VICTORIA,OTHER,4,13.0
191669,1,0,160,5,1,60.0,0,N,RURAL_VICTORIA,AVENUE,4,8.0
191670,1,5,99,1,9,60.0,0,I,RURAL_VICTORIA,ROAD,7,16.0
191671,1,5,130,5,1,80.0,0,N,MELB_URBAN,ROAD,5,17.0
191672,1,3,130,5,1,80.0,0,N,RURAL_VICTORIA,ROAD,4,15.0
191673,1,0,134,2,2,60.0,0,I,MELB_URBAN,OTHER,3,7.0
191674,6,0,184,2,1,50.0,0,N,TOWNS,AVENUE,5,13.0
191675,1,3,113,2,1,60.0,0,I,MELB_URBAN,ROAD,4,14.0
191676,1,4,99,5,9,50.0,0,N,MELB_URBAN,DRIVE,11,16.0
191677,1,6,134,5,1,60.0,0,N,MELB_URBAN,ROAD,2,12.0
191678,1,6,130,5,3,60.0,0,N,MELB_URBAN,ROAD,5,22.0
191679,1,3,130,5,3,60.0,0,N,LARGE_PROVINCIAL_CITIES,STREET,5,19.0
191680,1,7,99,2,9,60.0,0,I,MELB_URBAN,STREET,5,12.0
191681,3,5,167,5,6,110.0,0,N,RURAL_VICTORIA,HIGHWAY,5,22.0
191682,1,3,130,1,2,50.0,0,I,LARGE_PROVINCIAL_CITIES,STREET,8,6.0
191683,1,6,130,2,3,60.0,0,O,MELB_URBAN,UNKNOWN,7,23.0
191684,8,4,170,2,9,100.0,0,I,RURAL_VICTORIA,ROAD,3,14.0
191685,1,4,130,1,1,60.0,0,I,MELBOURNE_CBD,STREET,5,16.0
191686,1,3,130,5,1,80.0,0,N,MELB_URBAN,ROAD,1,17.0
191687,7,1,99,1,1,50.0,0,N,MELBOURNE_CBD,STREET,3,10.0
191688,1,5,130,5,3,60.0,0,N,MELB_URBAN,ROAD,4,22.0
191689,1,6,134,5,3,70.0,0,N,MELB_URBAN,ROAD,6,18.0
191690,4,2,183,5,1,100.0,0,N,RURAL_VICTORIA,ROAD,12,16.0
191691,4,6,181,4,1,100.0,0,N,RURAL_VICTORIA,ROAD,5,9.0
191692,1,6,111,2,1,60.0,0,I,TOWNS,ROAD,5,15.0
191693,1,7,130,5,1,60.0,0,N,MELB_URBAN,FREEWAY,3,13.0
191694,1,3,130,5,1,70.0,0,N,MELB_URBAN,ROAD,3,8.0
191695,1,5,140,2,1,80.0,0,I,RURAL_VICTORIA,AVENUE,5,7.0
191696,1,2,121,2,1,60.0,0,I,MELB_URBAN,ROAD,5,16.0
191697,1,0,130,5,1,80.0,0,N,MELB_URBAN,DRIVE,12,14.0
191698,8,2,99,5,9,80.0,0,N,MELB_URBAN,ROAD,10,12.0
191699,4,7,173,2,6,100.0,0,I,RURAL_VICTORIA,ROAD,5,23.0
191700,1,4,160,1,9,100.0,0,N,MELB_URBAN,FREEWAY,4,4.0
191701,3,0,167,5,1,80.0,0,N,RURAL_VICTORIA,ROAD,1,15.0
191702,1,5,130,5,9,80.0,0,N,MELB_URBAN,ROAD,3,9.0
191703,8,6,184,2,1,80.0,0,I,RURAL_VICTORIA,STREET,9,9.0
191704,1,5,147,5,1,60.0,0,N,SMALL_CITIES,STREET,2,15.0
191705,1,6,99,2,6,60.0,0,I,MELB_URBAN,STREET,5,21.0
191706,1,5,121,5,1,60.0,0,N,MELB_URBAN,STREET,5,11.0
191707,1,4,147,5,3,60.0,0,N,MELB_URBAN,UNKNOWN,5,17.0
191708,5,2,99,2,2,40.0,0,N,RURAL_VICTORIA,ROAD,6,16.0
191709,1,4,121,2,2,60.0,0,I,MELB_URBAN,ROAD,12,20.0
191710,1,6,130,5,3,60.0,0,N,MELB_URBAN,ROAD,8,18.0
191711,1,4,111,1,2,50.0,0,I,MELB_URBAN,STREET,3,18.0
191712,1,2,130,5,9,80.0,0,N,MELB_URBAN,FREEWAY,3,7.0
191713,1,3,121,2,1,70.0,0,I,MELB_URBAN,ROAD,12,14.0
191714,6,4,174,3,1,60.0,0,I,RURAL_VICTORIA,ROAD,2,15.0
191715,1,1,160,5,5,60.0,0,N,MELB_URBAN,STREET,3,0.0
191716,1,3,130,5,1,70.0,0,N,MELB_URBAN,ROAD,4,16.0
191717,1,0,110,1,9,80.0,0,N,MELB_URBAN,HIGHWAY,11,16.0
191718,1,2,133,1,1,40.0,0,N,MELB_URBAN,STREET,5,9.0
191719,1,1,140,5,1,50.0,0,N,SMALL_TOWNS,HIGHWAY,4,11.0
191720,1,1,110,1,6,80.0,0,I,MELB_URBAN,DRIVE,5,20.0
191721,4,2,183,5,1,50.0,0,N,MELB_URBAN,OTHER,1,10.0
191722,1,5,130,2,3,60.0,0,I,MELB_URBAN,ROAD,5,18.0
191723,8,1,99,5,1,60.0,0,N,RURAL_VICTORIA,ROAD,2,15.0
191724,1,0,160,2,3,50.0,0,N,SMALL_CITIES,AVENUE,4,21.0
191725,1,4,130,5,5,80.0,0,N,RURAL_VICTORIA,ROAD,5,20.0
191726,1,2,147,5,1,60.0,0,N,MELB_URBAN,STREET,4,7.0
191727,1,2,99,5,9,60.0,0,N,RURAL_VICTORIA,ROAD,5,9.0
191728,1,5,134,5,1,80.0,0,N,RURAL_VICTORIA,HIGHWAY,2,11.0
191729,1,2,135,1,1,60.0,0,I,MELB_URBAN,ROAD,2,16.0
191730,1,4,132,2,2,50.0,0,I,MELB_URBAN,STREET,5,17.0
191731,8,2,99,5,3,60.0,0,N,MELB_URBAN,STREET,9,3.0
191732,1,0,130,5,9,60.0,0,N,MELB_URBAN,ROAD,3,14.0
191733,2,1,99,2,9,60.0,0,I,MELB_URBAN,ROAD,5,13.0
191734,1,2,121,1,1,80.0,0,N,MELB_URBAN,ROAD,2,14.0
191735,1,6,130,5,1,100.0,0,N,MELB_URBAN,FREEWAY,3,12.0
191736,1,2,110,1,1,70.0,0,I,MELB_URBAN,BOULEVARD,10,11.0
191737,1,7,110,1,1,60.0,0,I,MELB_URBAN,STREET,3,10.0
191738,1,3,135,5,9,80.0,0,N,MELB_URBAN,ROAD,5,23.0
191739,1,2,99,5,9,60.0,0,N,RURAL_VICTORIA,ROAD,4,17.0
191740,1,5,111,1,1,60.0,0,I,MELB_URBAN,ROAD,5,15.0
191741,1,2,135,5,1,60.0,0,N,MELB_URBAN,ROAD,3,8.0
191742,5,5,99,5,9,50.0,0,N,MELB_URBAN,STREET,3,16.0
191743,1,3,147,5,9,60.0,0,I,MELB_URBAN,ROAD,10,13.0
191744,1,3,130,5,3,80.0,0,N,MELB_URBAN,ROAD,5,18.0
191745,4,6,173,5,3,70.0,0,N,RURAL_VICTORIA,ROAD,5,3.0
191746,1,5,130,5,9,80.0,0,N,MELB_URBAN,HIGHWAY,1,20.0
191747,1,5,130,2,1,60.0,0,N,RURAL_VICTORIA,ROAD,4,15.0
191748,1,5,130,5,1,80.0,0,N,MELB_URBAN,RAMP,3,12.0
191749,6,6,170,1,1,60.0,0,I,MELB_URBAN,AVENUE,2,9.0
191750,1,5,111,2,1,80.0,0,I,MELB_URBAN,ROAD,5,14.0
191751,8,4,174,5,1,60.0,0,N,MELB_URBAN,ROAD,11,9.0
191752,9,4,99,5,1,60.0,0,N,RURAL_VICTORIA,OTHER,5,13.0
191753,1,6,130,1,1,60.0,0,N,RURAL_VICTORIA,BOULEVARD,9,14.0
191754,1,3,130,5,1,60.0,0,N,MELB_URBAN,ROAD,9,16.0
191755,1,0,130,5,1,60.0,0,N,RURAL_VICTORIA,ROAD,5,14.0
191756,1,6,134,5,1,60.0,0,N,RURAL_VICTORIA,ROAD,5,12.0
191757,2,4,102,5,1,50.0,0,N,TOWNS,STREET,4,12.0
191758,8,4,174,5,9,60.0,0,N,MELB_URBAN,ROAD,10,17.0
191759,2,2,99,6,2,60.0,0,N,MELB_URBAN,OTHER,2,5.0
191760,1,3,120,5,1,60.0,0,N,SMALL_CITIES,STREET,1,8.0
191761,1,2,130,2,1,70.0,0,I,SMALL_CITIES,ROAD,4,7.0
191762,6,2,99,5,9,60.0,0,N,MELB_URBAN,STREET,4,19.0
191763,1,5,99,1,1,60.0,0,N,MELB_URBAN,STREET,10,17.0
191764,1,6,163,5,1,60.0,0,N,MELB_URBAN,STREET,5,15.0
191765,6,5,99,5,1,60.0,0,N,RURAL_VICTORIA,ROAD,5,15.0
191766,1,4,134,5,1,40.0,0,N,MELB_URBAN,STREET,2,17.0
191767,8,5,170,5,6,50.0,0,N,MELB_URBAN,ROAD,4,1.0
191768,8,0,184,5,1,60.0,0,N,RURAL_VICTORIA,ROAD,4,11.0
191769,1,1,110,1,2,60.0,0,I,SMALL_CITIES,STREET,6,17.0
191770,1,4,163,5,9,40.0,0,N,MELB_URBAN,STREET,3,20.0
191771,1,2,140,5,1,60.0,0,N,MELB_URBAN,ROAD,3,11.0
191772,4,0,171,5,5,80.0,0,N,MELB_URBAN,ROAD,11,22.0
191773,6,1,174,5,9,60.0,0,N,MELB_URBAN,ROAD,1,23.0
191774,8,4,184,2,1,80.0,0,I,RURAL_VICTORIA,ROAD,10,11.0
191775,1,3,130,5,1,60.0,0,N,MELB_URBAN,ROAD,3,15.0
191776,1,3,130,2,1,60.0,0,N,MELB_URBAN,STREET,3,15.0
191777,1,0,130,5,3,60.0,0,N,MELB_URBAN,ROAD,11,23.0
191778,4,4,171,1,9,60.0,0,I,MELB_URBAN,STREET,1,22.0